date,gs
5/4/99,70.38
5/5/99,69.13
5/6/99,67.94
5/7/99,74.13
5/10/99,70.69
5/11/99,70.63
5/12/99,73.5
5/13/99,74.25
5/14/99,70.19
5/17/99,68.63
5/18/99,68.63
5/19/99,69.31
5/20/99,68.38
5/21/99,67.5
5/24/99,65.31
5/25/99,64.5
5/26/99,66.06
5/27/99,67.75
5/28/99,67.94
6/1/99,64.19
6/2/99,63.25
6/3/99,63.63
6/4/99,65.38
6/7/99,65.94
6/8/99,63.75
6/9/99,65.5
6/10/99,63.38
6/11/99,62.94
6/14/99,61.25
6/15/99,62.75
6/16/99,65.25
6/17/99,65
6/18/99,64.81
6/21/99,69.5
6/22/99,68
6/23/99,65
6/24/99,65.06
6/25/99,66.25
6/28/99,66.56
6/29/99,67.75
6/30/99,72.25
7/1/99,70.81
7/2/99,70.94
7/6/99,70.5
7/7/99,68
7/8/99,67.25
7/9/99,67.25
7/12/99,68.38
7/13/99,67.88
7/14/99,67.63
7/15/99,67.94
7/16/99,68.06
7/19/99,69.44
7/20/99,68.13
7/21/99,67.88
7/22/99,66.5
7/23/99,64.06
7/26/99,63.25
7/27/99,65.5
7/28/99,66.06
7/29/99,65
7/30/99,64.31
8/2/99,62.81
8/3/99,60.81
8/4/99,60
8/5/99,59.25
8/6/99,56.25
8/9/99,55.81
8/10/99,57
8/11/99,61.5
8/12/99,60.69
8/13/99,63.13
8/16/99,62.88
8/17/99,63
8/18/99,62.31
8/19/99,61.69
8/20/99,62.44
8/23/99,63.63
8/24/99,63.44
8/25/99,64
8/26/99,62.75
8/27/99,61.56
8/30/99,59.31
8/31/99,59.81
9/1/99,60.31
9/2/99,59.25
9/3/99,63.13
9/7/99,62.5
9/8/99,62.56
9/9/99,61.75
9/10/99,63.09
9/13/99,62.13
9/14/99,59.38
9/15/99,58.31
9/16/99,57.69
9/17/99,60.06
9/20/99,60.75
9/21/99,59.13
9/22/99,61.31
9/23/99,60.81
9/24/99,61.94
9/27/99,61.56
9/28/99,62.25
9/29/99,61.44
9/30/99,61
10/1/99,59.19
10/4/99,61.69
10/5/99,62.25
10/6/99,64
10/7/99,63.19
10/8/99,63.94
10/11/99,63.69
10/12/99,62.94
10/13/99,61
10/14/99,62
10/15/99,59.75
10/18/99,59.25
10/19/99,60.38
10/20/99,61.75
10/21/99,61.81
10/22/99,65.5
10/25/99,64
10/26/99,61.81
10/27/99,64.38
10/28/99,72
10/29/99,71
11/1/99,69.38
11/2/99,69.75
11/3/99,68.75
11/4/99,70.13
11/5/99,73.69
11/8/99,73
11/9/99,71.88
11/10/99,71.94
11/11/99,73.31
11/12/99,79.75
11/15/99,78
11/16/99,82.81
11/17/99,79.56
11/18/99,80.19
11/19/99,79.94
11/22/99,79.69
11/23/99,77.75
11/24/99,77.13
11/26/99,77.31
11/29/99,74.5
11/30/99,75.13
12/1/99,76.19
12/2/99,77.5
12/3/99,79.06
12/6/99,77
12/7/99,80.94
12/8/99,80
12/9/99,80
12/10/99,82
12/13/99,82.06
12/14/99,78.75
12/15/99,79.44
12/16/99,78.56
12/17/99,80.19
12/20/99,81.88
12/21/99,80.94
12/22/99,79.69
12/23/99,81
12/27/99,82.06
12/28/99,85
12/29/99,88
12/30/99,92.19
12/31/99,94.19
1/3/00,88.31
1/4/00,82.75
1/5/00,79.69
1/6/00,82.25
1/7/00,82.56
1/10/00,84.38
1/11/00,84.81
1/12/00,84.38
1/13/00,84.5
1/14/00,85.63
1/18/00,86.88
1/19/00,87.56
1/20/00,85.94
1/21/00,85.69
1/24/00,81.75
1/25/00,83.88
1/26/00,88.25
1/27/00,89
1/28/00,87
1/31/00,91.63
2/1/00,91.25
2/2/00,91.13
2/3/00,85.38
2/4/00,84.69
2/7/00,85.75
2/8/00,89.44
2/9/00,86.75
2/10/00,86.63
2/11/00,85.13
2/14/00,86.5
2/15/00,86.5
2/16/00,82.94
2/17/00,82.13
2/18/00,80.81
2/22/00,81.56
2/23/00,85.75
2/24/00,89.63
2/25/00,89.25
2/28/00,88
2/29/00,92.5
3/1/00,94.75
3/2/00,96.25
3/3/00,102.5
3/6/00,103.7
3/7/00,104.9
3/8/00,101.8
3/9/00,107.2
3/10/00,112.3
3/13/00,110.4
3/14/00,104.8
3/15/00,103.6
3/16/00,103.3
3/17/00,116.5
3/20/00,113.4
3/21/00,118.3
3/22/00,117.1
3/23/00,119
3/24/00,121.3
3/27/00,112
3/28/00,113.3
3/29/00,114.2
3/30/00,106.9
3/31/00,105.3
4/3/00,105.5
4/4/00,98.25
4/5/00,97.44
4/6/00,106
4/7/00,102.5
4/10/00,107.1
4/11/00,104.8
4/12/00,96.56
4/13/00,95.25
4/14/00,82.75
4/17/00,87.5
4/18/00,93.75
4/19/00,92.06
4/20/00,88.81
4/24/00,86.88
4/25/00,97.06
4/26/00,94.5
4/27/00,95.19
4/28/00,93.25
5/1/00,97
5/2/00,93
5/3/00,91.13
5/4/00,90.19
5/5/00,89.88
5/8/00,87.31
5/9/00,85.63
5/10/00,81.44
5/11/00,80.88
5/12/00,83.77
5/15/00,87.06
5/16/00,85.5
5/17/00,84.69
5/18/00,85.25
5/19/00,84.56
5/22/00,82
5/23/00,82.81
5/24/00,80
5/25/00,73
5/26/00,69.81
5/30/00,72
5/31/00,73.56
6/1/00,76.38
6/2/00,86.88
6/5/00,84.5
6/6/00,83.13
6/7/00,86.69
6/8/00,85.06
6/9/00,83.25
6/12/00,83.31
6/13/00,85.13
6/14/00,89.94
6/15/00,90.25
6/16/00,89.94
6/19/00,91.63
6/20/00,89
6/21/00,86.63
6/22/00,84.25
6/23/00,86
6/26/00,87.75
6/27/00,88.31
6/28/00,89.88
6/29/00,92.63
6/30/00,94.77
7/3/00,94.94
7/5/00,95.94
7/6/00,93.19
7/7/00,94.94
7/10/00,97.69
7/11/00,98.5
7/12/00,101.9
7/13/00,104.3
7/14/00,104.2
7/17/00,100
7/18/00,103.9
7/19/00,100.8
7/20/00,103.7
7/21/00,104.3
7/24/00,105.4
7/25/00,106
7/26/00,105.9
7/27/00,100
7/28/00,98.5
7/31/00,98.69
8/1/00,100.6
8/2/00,102.1
8/3/00,105.6
8/4/00,111.3
8/7/00,114.1
8/8/00,113
8/9/00,114.9
8/10/00,112
8/11/00,119.9
8/14/00,120.8
8/15/00,118.2
8/16/00,115.3
8/17/00,118.6
8/18/00,117
8/21/00,117.8
8/22/00,119.9
8/23/00,119
8/24/00,118.3
8/25/00,119.4
8/28/00,122.4
8/29/00,127.4
8/30/00,123.7
8/31/00,129.5
9/1/00,129.6
9/5/00,128.8
9/6/00,128.1
9/7/00,128.7
9/8/00,124.3
9/11/00,132
9/12/00,131.3
9/13/00,128.5
9/14/00,129
9/15/00,124.9
9/18/00,118.6
9/19/00,119.9
9/20/00,118
9/21/00,113.3
9/22/00,114.9
9/25/00,116.5
9/26/00,110.9
9/27/00,107.1
9/28/00,113
9/29/00,114.1
10/2/00,115.4
10/3/00,113.9
10/4/00,109.4
10/5/00,114.9
10/6/00,108.9
10/9/00,105.3
10/10/00,102.7
10/11/00,104
10/12/00,94.31
10/13/00,101.5
10/16/00,103.6
10/17/00,99.25
10/18/00,98
10/19/00,100.6
10/20/00,104.9
10/23/00,102.4
10/24/00,101.1
10/25/00,96.19
10/26/00,92.94
10/27/00,93
10/30/00,96.5
10/31/00,99.81
11/1/00,96.69
11/2/00,99.25
11/3/00,100.4
11/6/00,96.06
11/7/00,93.75
11/8/00,92.44
11/9/00,91.88
11/10/00,89.19
11/13/00,86.38
11/14/00,88.88
11/15/00,90.06
11/16/00,91.44
11/17/00,88.06
11/20/00,83
11/21/00,84.19
11/22/00,79.94
11/24/00,81.5
11/27/00,82.5
11/28/00,80.5
11/29/00,82.88
11/30/00,82.13
12/1/00,82
12/4/00,81.75
12/5/00,88.75
12/6/00,87.75
12/7/00,85.88
12/8/00,91.88
12/11/00,96
12/12/00,92.44
12/13/00,94.06
12/14/00,87.44
12/15/00,86.69
12/18/00,85.94
12/19/00,89.38
12/20/00,90
12/21/00,93.81
12/22/00,98.81
12/26/00,101.81
12/27/00,101.9
12/28/00,107.1
12/29/00,106.9
1/2/01,100.3
1/3/01,115.5
1/4/01,112.8
1/5/01,107.9
1/8/01,106.4
1/9/01,104.8
1/10/01,108.5
1/11/01,110.5
1/12/01,108.8
1/16/01,110
1/17/01,110
1/18/01,107.5
1/19/01,110.9
1/22/01,113.1
1/23/01,116
1/24/01,117.9
1/25/01,113.6
1/26/01,114.7
1/29/01,115.9
1/30/01,118.6
1/31/01,113.8
2/1/01,118.2
2/2/01,114
2/5/01,112.1
2/6/01,109
2/7/01,105.2
2/8/01,106
2/9/01,107.8
2/12/01,109.5
2/13/01,105.9
2/14/01,104.3
2/15/01,107.2
2/16/01,101.5
2/20/01,96
2/21/01,94.4
2/22/01,97.2
2/23/01,96.04
2/26/01,98.3
2/27/01,98.34
2/28/01,91.75
3/1/01,91.61
3/2/01,91.4
3/5/01,92.15
3/6/01,95.35
3/7/01,94.95
3/8/01,91.75
3/9/01,87
3/12/01,82.49
3/13/01,87.51
3/14/01,83.91
3/15/01,87.95
3/16/01,87.55
3/19/01,90.94
3/20/01,87.06
3/21/01,85
3/22/01,85.91
3/23/01,89.81
3/26/01,89.24
3/27/01,93.5
3/28/01,87.25
3/29/01,88.1
3/30/01,85.1
4/2/01,84.16
4/3/01,81.31
4/4/01,77.53
4/5/01,86
4/6/01,84.2
4/9/01,84
4/10/01,87.81
4/11/01,91.3
4/12/01,94
4/16/01,91.78
4/17/01,93.1
4/18/01,99.65
4/19/01,97.69
4/20/01,95.66
4/23/01,92.96
4/24/01,91.4
4/25/01,92.82
4/26/01,92.49
4/27/01,92.94
4/30/01,91.1
5/1/01,92.65
5/2/01,98
5/3/01,96
5/4/01,97.2
5/7/01,96.01
5/8/01,95.25
5/9/01,94.66
5/10/01,94.51
5/11/01,92.85
5/14/01,94.1
5/15/01,94.85
5/16/01,99.95
5/17/01,97.95
5/18/01,97.25
5/21/01,101.9
5/22/01,103.3
5/23/01,99.3
5/24/01,99.85
5/25/01,97.96
5/29/01,96.88
5/30/01,94.76
5/31/01,95.1
6/1/01,96.7
6/4/01,96.51
6/5/01,97.35
6/6/01,95.54
6/7/01,96.9
6/8/01,95.36
6/11/01,92.01
6/12/01,91.86
6/13/01,89.16
6/14/01,87.01
6/15/01,89.29
6/18/01,88.65
6/19/01,88.18
6/20/01,88.4
6/21/01,93
6/22/01,92.1
6/25/01,90.95
6/26/01,90.3
6/27/01,87.5
6/28/01,86.6
6/29/01,85.8
7/2/01,84.6
7/3/01,84
7/5/01,84
7/6/01,83.1
7/9/01,81.91
7/10/01,81.6
7/11/01,81.6
7/12/01,86.55
7/13/01,86.15
7/16/01,83.4
7/17/01,85.85
7/18/01,84
7/19/01,83
7/20/01,82.95
7/23/01,81.74
7/24/01,81.85
7/25/01,83.2
7/26/01,84.64
7/27/01,84.82
7/30/01,82.69
7/31/01,83.16
8/1/01,85.35
8/2/01,86.3
8/3/01,85.5
8/6/01,83.95
8/7/01,83.54
8/8/01,81.8
8/9/01,80.05
8/10/01,80.8
8/13/01,82.2
8/14/01,81.3
8/15/01,81.85
8/16/01,81.1
8/17/01,77.25
8/20/01,77.84
8/21/01,75.4
8/22/01,77.5
8/23/01,77.7
8/24/01,81.3
8/27/01,81.9
8/28/01,81.05
8/29/01,80.8
8/30/01,79.61
8/31/01,80.1
9/4/01,79.62
9/5/01,78.55
9/6/01,77.1
9/7/01,74.48
9/10/01,76.2
9/17/01,69.4
9/18/01,67.5
9/19/01,67.51
9/20/01,65.75
9/21/01,67.69
9/24/01,70.51
9/25/01,70.03
9/26/01,69.85
9/27/01,68.9
9/28/01,71.35
10/1/01,73.5
10/2/01,73.6
10/3/01,76.69
10/4/01,79
10/5/01,76.25
10/8/01,75.3
10/9/01,77.93
10/10/01,80.71
10/11/01,83.85
10/12/01,82.8
10/15/01,84.4
10/16/01,84.25
10/17/01,82.07
10/18/01,81.41
10/19/01,79.75
10/22/01,81.6
10/23/01,81.6
10/24/01,80.5
10/25/01,81.4
10/26/01,83.12
10/29/01,80.85
10/30/01,80.05
10/31/01,78.16
11/1/01,80.7
11/2/01,82.25
11/5/01,84.71
11/6/01,86.5
11/7/01,87.5
11/8/01,86.7
11/9/01,86.86
11/12/01,88.1
11/13/01,91.05
11/14/01,91.5
11/15/01,88.7
11/16/01,87.75
11/19/01,90.55
11/20/01,89.75
11/21/01,88.15
11/23/01,90.15
11/26/01,91.44
11/27/01,90
11/28/01,86.81
11/29/01,89.35
11/30/01,89
12/3/01,86.01
12/4/01,87.17
12/5/01,92.4
12/6/01,93.9
12/7/01,91.61
12/10/01,91.35
12/11/01,91.82
12/12/01,92.73
12/13/01,91
12/14/01,89.66
12/17/01,89.14
12/18/01,90.8
12/19/01,94.41
12/20/01,92.31
12/21/01,92.31
12/24/01,92.47
12/26/01,92.8
12/27/01,92.12
12/28/01,93.27
12/31/01,92.75
1/2/02,91.07
1/3/02,92.45
1/4/02,96.75
1/7/02,95.75
1/8/02,92.5
1/9/02,93.75
1/10/02,93
1/11/02,91.15
1/14/02,89.97
1/15/02,89.9
1/16/02,88.63
1/17/02,89.86
1/18/02,89.21
1/22/02,86.98
1/23/02,87.25
1/24/02,85.5
1/25/02,87.3
1/28/02,87.85
1/29/02,84.48
1/30/02,86
1/31/02,86.98
2/1/02,85.4
2/4/02,82.5
2/5/02,81.04
2/6/02,81.9
2/7/02,81.11
2/8/02,83.8
2/11/02,84.85
2/12/02,83.5
2/13/02,84.58
2/14/02,85.11
2/15/02,82.76
2/19/02,78.45
2/20/02,80.6
2/21/02,79.47
2/22/02,79
2/25/02,81.96
2/26/02,81.4
2/27/02,80.89
2/28/02,80.94
3/1/02,83.47
3/4/02,89.1
3/5/02,89.52
3/6/02,90.87
3/7/02,89.96
3/8/02,90.29
3/11/02,90.7
3/12/02,89.8
3/13/02,88
3/14/02,88.4
3/15/02,90
3/18/02,89.2
3/19/02,91.05
3/20/02,89.85
3/21/02,90.35
3/22/02,89.73
3/25/02,88.03
3/26/02,88.85
3/27/02,89.3
3/28/02,90.25
4/1/02,88.47
4/2/02,87.53
4/3/02,86.46
4/4/02,86.55
4/5/02,86.15
4/8/02,86.06
4/9/02,84.6
4/10/02,84.49
4/11/02,81.24
4/12/02,83
4/15/02,81.6
4/16/02,84.59
4/17/02,85.05
4/18/02,84.52
4/19/02,86.31
4/22/02,84.1
4/23/02,81.6
4/24/02,79.49
4/25/02,77.21
4/26/02,79.15
4/29/02,78.5
4/30/02,78.75
5/1/02,79.21
5/2/02,80.71
5/3/02,78.55
5/6/02,75.16
5/7/02,74.85
5/8/02,79.5
5/9/02,78.64
5/10/02,76.75
5/13/02,78.11
5/14/02,79.3
5/15/02,79.46
5/16/02,80.05
5/17/02,80.5
5/20/02,80.24
5/21/02,79.2
5/22/02,78.2
5/23/02,79.17
5/24/02,78.19
5/28/02,76.9
5/29/02,76.15
5/30/02,75.08
5/31/02,75.45
6/3/02,73.79
6/4/02,73.8
6/5/02,75.75
6/6/02,73.95
6/7/02,73.95
6/10/02,74.74
6/11/02,72.1
6/12/02,72.5
6/13/02,71.3
6/14/02,72.85
6/17/02,75.34
6/18/02,75.78
6/19/02,74.45
6/20/02,72.7
6/21/02,70.55
6/24/02,71.45
6/25/02,71.35
6/26/02,70.8
6/27/02,73
6/28/02,73.35
7/1/02,71.14
7/2/02,70.7
7/3/02,70.2
7/5/02,73.95
7/8/02,73.6
7/9/02,70.91
7/10/02,71.55
7/11/02,73.25
7/12/02,73.15
7/15/02,72.95
7/16/02,72.65
7/17/02,74.48
7/18/02,75.6
7/19/02,77
7/22/02,72
7/23/02,67.73
7/24/02,70.85
7/25/02,69.31
7/26/02,69.58
7/29/02,72.7
7/30/02,73.9
7/31/02,73.15
8/1/02,71.99
8/2/02,70.49
8/5/02,68.05
8/6/02,69.9
8/7/02,70.95
8/8/02,74.3
8/9/02,75.45
8/12/02,75.35
8/13/02,74.79
8/14/02,78.5
8/15/02,79.55
8/16/02,79.53
8/19/02,81.5
8/20/02,80.51
8/21/02,79.88
8/22/02,79.91
8/23/02,78.3
8/26/02,79.75
8/27/02,79.1
8/28/02,77.08
8/29/02,77.38
8/30/02,77.3
9/3/02,73.75
9/4/02,75.5
9/5/02,72.89
9/6/02,72.34
9/9/02,74.3
9/10/02,73.41
9/11/02,73.69
9/12/02,72.2
9/13/02,73
9/16/02,72.6
9/17/02,70.87
9/18/02,70.41
9/19/02,67.15
9/20/02,67.36
9/23/02,65.67
9/24/02,66.31
9/25/02,67.45
9/26/02,68.04
9/27/02,66.13
9/30/02,66.03
10/1/02,68.45
10/2/02,65.55
10/3/02,62.9
10/4/02,62.05
10/7/02,59.53
10/8/02,61.6
10/9/02,59.28
10/10/02,61.08
10/11/02,64.2
10/14/02,65.3
10/15/02,70
10/16/02,68
10/17/02,72.48
10/18/02,70.55
10/21/02,74.7
10/22/02,72.5
10/23/02,74.27
10/24/02,72.5
10/25/02,73.99
10/28/02,73.58
10/29/02,72.37
10/30/02,72.36
10/31/02,71.6
11/1/02,73.45
11/4/02,75.96
11/5/02,76.74
11/6/02,76.55
11/7/02,74.05
11/8/02,73.08
11/11/02,71.78
11/12/02,72.07
11/13/02,72.49
11/14/02,74.99
11/15/02,75.25
11/18/02,75.42
11/19/02,75.08
11/20/02,77.41
11/21/02,79.95
11/22/02,79.11
11/25/02,79
11/26/02,76.83
11/27/02,79.64
11/29/02,78.87
12/2/02,78.78
12/3/02,78.5
12/4/02,76.35
12/5/02,74.45
12/6/02,74.5
12/9/02,73.45
12/10/02,74
12/11/02,73.47
12/12/02,74.23
12/13/02,73.1
12/16/02,74.53
12/17/02,74.69
12/18/02,73.7
12/19/02,70.3
12/20/02,71.86
12/23/02,70.65
12/24/02,69.37
12/26/02,69.55
12/27/02,67.92
12/30/02,68.14
12/31/02,68.1
1/2/03,69.65
1/3/03,70.38
1/6/03,73
1/7/03,72.7
1/8/03,70.92
1/9/03,73.72
1/10/03,74.92
1/13/03,74.42
1/14/03,74.7
1/15/03,73.51
1/16/03,73.62
1/17/03,72.58
1/21/03,71
1/22/03,70.25
1/23/03,71.92
1/24/03,69.15
1/27/03,68.4
1/28/03,69.05
1/29/03,69.05
1/30/03,67.4
1/31/03,68.1
2/3/03,69.25
2/4/03,67.52
2/5/03,67.41
2/6/03,66.65
2/7/03,65.7
2/10/03,65.74
2/11/03,65.05
2/12/03,64.3
2/13/03,64.92
2/14/03,66.7
2/18/03,68
2/19/03,68.23
2/20/03,67.74
2/21/03,68.5
2/24/03,66.2
2/25/03,66.59
2/26/03,66.48
2/27/03,67.69
2/28/03,69.45
3/3/03,68.02
3/4/03,65.69
3/5/03,66.3
3/6/03,65.6
3/7/03,66.68
3/10/03,64.34
3/11/03,62.95
3/12/03,62.85
3/13/03,66.78
3/14/03,66.62
3/17/03,68.9
3/18/03,69.58
3/19/03,70.27
3/20/03,70.08
3/21/03,72.1
3/24/03,69.92
3/25/03,70.69
3/26/03,71.05
3/27/03,70.58
3/28/03,70.11
3/31/03,68.08
4/1/03,69.62
4/2/03,72.4
4/3/03,72.35
4/4/03,72.06
4/7/03,72.31
4/8/03,72.7
4/9/03,71.91
4/10/03,72.35
4/11/03,72.42
4/14/03,74.49
4/15/03,76.54
4/16/03,75.2
4/17/03,76.1
4/21/03,76.35
4/22/03,78.33
4/23/03,78.43
4/24/03,77.35
4/25/03,75.87
4/28/03,76.51
4/29/03,76.45
4/30/03,75.9
5/1/03,75.33
5/2/03,76.6
5/5/03,76.49
5/6/03,77.2
5/7/03,77.2
5/8/03,74.06
5/9/03,75
5/12/03,75.49
5/13/03,74.95
5/14/03,74.95
5/15/03,76.1
5/16/03,76.7
5/19/03,74.35
5/20/03,74.45
5/21/03,75.1
5/22/03,76.03
5/23/03,76.15
5/27/03,78.48
5/28/03,79.9
5/29/03,79.59
5/30/03,81.5
6/2/03,83.54
6/3/03,83
6/4/03,85.25
6/5/03,87.3
6/6/03,88.7
6/9/03,87.54
6/10/03,88.7
6/11/03,89.74
6/12/03,90.35
6/13/03,89.17
6/16/03,91.5
6/17/03,91.5
6/18/03,88.9
6/19/03,85.92
6/20/03,86.25
6/23/03,85.28
6/24/03,86.6
6/25/03,84.78
6/26/03,84.15
6/27/03,82.38
6/30/03,83.75
7/1/03,85.85
7/2/03,85.4
7/3/03,84.7
7/7/03,87.74
7/8/03,88.06
7/9/03,88.23
7/10/03,86.55
7/11/03,87.32
7/14/03,89.44
7/15/03,88.02
7/16/03,87.26
7/17/03,86.44
7/18/03,87.69
7/21/03,85.7
7/22/03,86.16
7/23/03,86.1
7/24/03,85.4
7/25/03,86.42
7/28/03,86.5
7/29/03,86.83
7/30/03,86.95
7/31/03,87.14
8/1/03,85.1
8/4/03,84.65
8/5/03,82.9
8/6/03,84.05
8/7/03,84.75
8/8/03,85.82
8/11/03,85.76
8/12/03,87.68
8/13/03,87.4
8/14/03,87.95
8/15/03,87.76
8/18/03,88.27
8/19/03,89.03
8/20/03,87.7
8/21/03,88.1
8/22/03,86.99
8/25/03,86.73
8/26/03,86.51
8/27/03,85.97
8/28/03,86.86
8/29/03,88.49
9/2/03,90.45
9/3/03,90.82
9/4/03,91.26
9/5/03,90.96
9/8/03,91.35
9/9/03,91.79
9/10/03,89.44
9/11/03,89.84
9/12/03,90.73
9/15/03,89.2
9/16/03,90.93
9/17/03,91
9/18/03,93.25
9/19/03,93.73
9/22/03,92.66
9/23/03,89.06
9/24/03,85.82
9/25/03,85.52
9/26/03,84.7
9/29/03,85
9/30/03,83.9
10/1/03,86
10/2/03,85.96
10/3/03,86.66
10/6/03,86.72
10/7/03,86.84
10/8/03,86.26
10/9/03,87
10/10/03,86.94
10/13/03,88.17
10/14/03,88.64
10/15/03,88.75
10/16/03,87.99
10/17/03,87.17
10/20/03,87.01
10/21/03,87.62
10/22/03,86.47
10/23/03,87
10/24/03,85.82
10/27/03,88.19
10/28/03,92.25
10/29/03,92.65
10/30/03,93.43
10/31/03,93.9
11/3/03,96.19
11/4/03,95.95
11/5/03,95.47
11/6/03,96.53
11/7/03,96.98
11/10/03,96.08
11/11/03,96.1
11/12/03,96.7
11/13/03,96.02
11/14/03,93.8
11/17/03,94.25
11/18/03,93.73
11/19/03,93.93
11/20/03,91.76
11/21/03,92.97
11/24/03,94.92
11/25/03,96.25
11/26/03,96.67
11/28/03,96.08
12/1/03,97.48
12/2/03,97.4
12/3/03,99.29
12/4/03,98.73
12/5/03,98.03
12/8/03,98.8
12/9/03,98.2
12/10/03,97.6
12/11/03,98.34
12/12/03,99.15
12/15/03,97.75
12/16/03,97.52
12/17/03,98.35
12/18/03,97.35
12/19/03,96.38
12/22/03,98.15
12/23/03,98.22
12/24/03,97.55
12/26/03,97.94
12/29/03,99.58
12/30/03,99.16
12/31/03,98.73
1/2/04,97.13
1/5/04,97.18
1/6/04,96.6
1/7/04,98.63
1/8/04,98.75
1/9/04,97.5
1/12/04,97.78
1/13/04,97.67
1/14/04,99.38
1/15/04,101.14
1/16/04,100.48
1/20/04,100.4
1/21/04,101.5
1/22/04,100.68
1/23/04,99.5
1/26/04,102.28
1/27/04,101.05
1/28/04,98.3
1/29/04,99.4
1/30/04,99.55
2/2/04,99.81
2/3/04,101.15
2/4/04,99.75
2/5/04,98.84
2/6/04,101.34
2/9/04,101.87
2/10/04,102.18
2/11/04,107.09
2/12/04,107.4
2/13/04,105.85
2/17/04,106.92
2/18/04,106.9
2/19/04,105.77
2/20/04,106.52
2/23/04,106.67
2/24/04,104.32
2/25/04,105.82
2/26/04,106.29
2/27/04,105.87
3/1/04,107.35
3/2/04,106.4
3/3/04,106.51
3/4/04,108.52
3/5/04,109.05
3/8/04,107.35
3/9/04,105.76
3/10/04,103.55
3/11/04,102.99
3/12/04,104.93
3/15/04,102.82
3/16/04,103.06
3/17/04,104.01
3/18/04,103.7
3/19/04,102.66
3/22/04,101.3
3/23/04,101.39
3/24/04,99.24
3/25/04,101.85
3/26/04,103.75
3/29/04,104.22
3/30/04,104.26
3/31/04,104.35
4/1/04,106
4/2/04,105.95
4/5/04,105.7
4/6/04,105.58
4/7/04,105.25
4/8/04,105.7
4/12/04,105.82
4/13/04,103.12
4/14/04,101.41
4/15/04,101.73
4/16/04,103.36
4/19/04,102.48
4/20/04,99.91
4/21/04,100
4/22/04,101.8
4/23/04,100.41
4/26/04,101.15
4/27/04,100.91
4/28/04,98.4
4/29/04,98.26
4/30/04,96.75
5/3/04,96.92
5/4/04,97.37
5/5/04,96.15
5/6/04,95.15
5/7/04,93.04
5/10/04,92.1
5/11/04,93.11
5/12/04,92.92
5/13/04,93.45
5/14/04,94.01
5/17/04,92.68
5/18/04,93.31
5/19/04,92.68
5/20/04,92.4
5/21/04,91.74
5/24/04,91.73
5/25/04,93.11
5/26/04,93.39
5/27/04,93.29
5/28/04,93.91
6/1/04,93
6/2/04,91.77
6/3/04,90.55
6/4/04,91.52
6/7/04,93.58
6/8/04,94
6/9/04,93
6/10/04,93.01
6/14/04,91.53
6/15/04,90.21
6/16/04,89.98
6/17/04,89.34
6/18/04,89.18
6/21/04,88.79
6/22/04,90.6
6/23/04,91.72
6/24/04,93.19
6/25/04,94.55
6/28/04,93.26
6/29/04,94
6/30/04,94.16
7/1/04,93.65
7/2/04,93.61
7/6/04,92.2
7/7/04,90.57
7/8/04,90
7/9/04,90.05
7/12/04,90.66
7/13/04,90.36
7/14/04,89.89
7/15/04,88.33
7/16/04,87.25
7/19/04,87.5
7/20/04,89.7
7/21/04,87.42
7/22/04,87.76
7/23/04,87.55
7/26/04,87.03
7/27/04,88.79
7/28/04,88.71
7/29/04,89.69
7/30/04,88.19
8/2/04,88.44
8/3/04,87.68
8/4/04,87.65
8/5/04,85.8
8/6/04,84.55
8/9/04,84.55
8/10/04,85.31
8/11/04,84.65
8/12/04,83.86
8/13/04,84.25
8/16/04,85.82
8/17/04,86.39
8/18/04,87.44
8/19/04,86.6
8/20/04,87.81
8/23/04,87.5
8/24/04,87.53
8/25/04,90.03
8/26/04,91.12
8/27/04,90.48
8/30/04,89.15
8/31/04,89.65
9/1/04,89.19
9/2/04,91.06
9/3/04,90.2
9/7/04,92.23
9/8/04,91.44
9/9/04,91.87
9/10/04,93.13
9/13/04,93.6
9/14/04,94.1
9/15/04,92.41
9/16/04,93.16
9/17/04,92.05
9/20/04,91.68
9/21/04,94.9
9/22/04,93.39
9/23/04,93.07
9/24/04,93.48
9/27/04,92.75
9/28/04,93.06
9/29/04,93.28
9/30/04,93.24
10/1/04,93.92
10/4/04,94.87
10/5/04,94.07
10/6/04,95.53
10/7/04,94.85
10/8/04,94.24
10/11/04,94.14
10/12/04,94.59
10/13/04,94.72
10/14/04,92.93
10/15/04,94.16
10/18/04,94.25
10/19/04,93.06
10/20/04,92.34
10/21/04,93.47
10/22/04,92.7
10/25/04,92.42
10/26/04,93.76
10/27/04,96.1
10/28/04,97.43
10/29/04,98.38
11/1/04,98.32
11/2/04,98.55
11/3/04,99.37
11/4/04,100
11/5/04,100.85
11/8/04,100.21
11/9/04,100.87
11/10/04,100.75
11/11/04,103
11/12/04,104.66
11/15/04,104.62
11/16/04,103.72
11/17/04,104.71
11/18/04,104.83
11/19/04,103.04
11/22/04,103.42
11/23/04,103.81
11/24/04,105
11/26/04,104.84
11/29/04,105.08
11/30/04,104.76
12/1/04,106
12/2/04,106.6
12/3/04,106.47
12/6/04,107.17
12/7/04,106.09
12/8/04,106.68
12/9/04,107.49
12/10/04,109.4
12/13/04,110.45
12/14/04,109.88
12/15/04,109.25
12/16/04,105.4
12/17/04,103.75
12/20/04,103.79
12/21/04,105.01
12/22/04,104.4
12/23/04,104.35
12/27/04,104.2
12/28/04,105.15
12/29/04,104.65
12/30/04,104.92
12/31/04,104.04
1/3/05,104.95
1/4/05,104.27
1/5/05,103.8
1/6/05,105.23
1/7/05,104.78
1/10/05,104.98
1/11/05,104.17
1/12/05,103.27
1/13/05,102.94
1/14/05,104.22
1/18/05,105
1/19/05,104.06
1/20/05,103.4
1/21/05,103.33
1/24/05,103.24
1/25/05,102.86
1/26/05,103.26
1/27/05,104
1/28/05,106.12
1/31/05,107.85
2/1/05,108.4
2/2/05,108.59
2/3/05,108.74
2/4/05,110.02
2/7/05,109.59
2/8/05,111.55
2/9/05,111.45
2/10/05,112.77
2/11/05,112.77
2/14/05,111.97
2/15/05,112.71
2/16/05,112.27
2/17/05,110.6
2/18/05,109
2/22/05,107.86
2/23/05,109.11
2/24/05,108.5
2/25/05,110.1
2/28/05,108.8
3/1/05,110.02
3/2/05,109.73
3/3/05,109.41
3/4/05,111.53
3/7/05,112.8
3/8/05,112.63
3/9/05,110.87
3/10/05,111.33
3/11/05,109.55
3/14/05,110
3/15/05,110.54
3/16/05,109.97
3/17/05,110.04
3/18/05,109.98
3/21/05,109.6
3/22/05,107.99
3/23/05,108.06
3/24/05,108.4
3/28/05,109.68
3/29/05,108.45
3/30/05,109.8
3/31/05,109.99
4/1/05,109.3
4/4/05,111
4/5/05,110.59
4/6/05,112.5
4/7/05,113.53
4/8/05,112.93
4/11/05,112.09
4/12/05,111.76
4/13/05,110.01
4/14/05,108.49
4/15/05,106.49
4/18/05,107.35
4/19/05,106.69
4/20/05,104.33
4/21/05,105.96
4/22/05,104.19
4/25/05,105.74
4/26/05,105.72
4/27/05,107.76
4/28/05,106.23
4/29/05,106.79
5/2/05,104.46
5/3/05,104.37
5/4/05,106.27
5/5/05,105.3
5/6/05,104.68
5/9/05,105.5
5/10/05,102.11
5/11/05,103.75
5/12/05,100.22
5/13/05,97.82
5/16/05,98.42
5/17/05,98.35
5/18/05,99.58
5/19/05,100.12
5/20/05,101.08
5/23/05,100.69
5/24/05,99.58
5/25/05,97.25
5/26/05,96.6
5/27/05,95.5
5/31/05,97.5
6/1/05,98.64
6/2/05,97.67
6/3/05,97.3
6/6/05,98.42
6/7/05,98.4
6/8/05,98.35
6/9/05,99.95
6/10/05,99.05
6/13/05,99.26
6/14/05,98.3
6/15/05,99.19
6/16/05,102.65
6/17/05,103.8
6/20/05,103.25
6/21/05,102.64
6/22/05,102.47
6/23/05,102.02
6/24/05,103.67
6/27/05,103.2
6/28/05,103.96
6/29/05,102.79
6/30/05,102.02
7/1/05,102.71
7/5/05,103.18
7/6/05,103.55
7/7/05,104.1
7/8/05,105.65
7/11/05,107.31
7/12/05,107.24
7/13/05,108
7/14/05,108.55
7/15/05,108.5
7/18/05,108.24
7/19/05,109.72
7/20/05,109.61
7/21/05,108.25
7/22/05,109.13
7/25/05,108.32
7/26/05,107.72
7/27/05,109.15
7/28/05,109.67
7/29/05,107.48
8/1/05,107.12
8/2/05,109.52
8/3/05,110.87
8/4/05,109.25
8/5/05,109.7
8/8/05,109.91
8/9/05,111.48
8/10/05,112.03
8/11/05,114.14
8/12/05,113.65
8/15/05,114.67
8/16/05,112.08
8/17/05,111.13
8/18/05,110.85
8/19/05,111.27
8/22/05,111.7
8/23/05,111.8
8/24/05,109.99
8/25/05,110.5
8/26/05,109.75
8/29/05,110.15
8/30/05,109.84
8/31/05,111.18
9/1/05,113.12
9/2/05,113.21
9/6/05,114.59
9/7/05,114.91
9/8/05,115.16
9/9/05,116.17
9/12/05,118
9/13/05,117.2
9/14/05,115.9
9/15/05,115.95
9/16/05,118.4
9/19/05,118.28
9/20/05,118.05
9/21/05,115.68
9/22/05,118.5
9/23/05,119.47
9/26/05,120
9/27/05,119.67
9/28/05,120.1
9/29/05,121.22
9/30/05,121.58
10/3/05,121.65
10/4/05,118.92
10/5/05,117.75
10/6/05,116.93
10/7/05,117.57
10/10/05,118.51
10/11/05,117.55
10/12/05,115.65
10/13/05,113.18
10/14/05,114.55
10/17/05,117.05
10/18/05,117.09
10/19/05,121.2
10/20/05,118.75
10/21/05,118.77
10/24/05,123.3
10/25/05,123.55
10/26/05,124.25
10/27/05,122.43
10/28/05,124.56
10/31/05,126.37
11/1/05,126.6
11/2/05,129.13
11/3/05,129.2
11/4/05,130.96
11/7/05,129.15
11/8/05,127.52
11/9/05,128.7
11/10/05,130.09
11/11/05,130
11/14/05,129.24
11/15/05,127.97
11/16/05,128.18
11/17/05,130.41
11/18/05,131.58
11/21/05,132.41
11/22/05,132.6
11/23/05,134.08
11/25/05,134.12
11/28/05,131.1
11/29/05,130.45
11/30/05,128.96
12/1/05,130.28
12/2/05,131.08
12/5/05,133.05
12/6/05,131.31
12/7/05,129.89
12/8/05,128.64
12/9/05,129.66
12/12/05,130.01
12/13/05,131.64
12/14/05,129.63
12/15/05,128.3
12/16/05,126.5
12/19/05,125.13
12/20/05,125.86
12/21/05,127.31
12/22/05,127.99
12/23/05,128.11
12/27/05,128.26
12/28/05,127.98
12/29/05,128.02
12/30/05,127.71
1/3/06,128.87
1/4/06,127.09
1/5/06,127.04
1/6/06,128.84
1/9/06,130.39
1/10/06,132.03
1/11/06,131.97
1/12/06,132.25
1/13/06,133.26
1/17/06,132.59
1/18/06,131.85
1/19/06,133.82
1/20/06,131.44
1/23/06,132.87
1/24/06,133
1/25/06,133.56
1/26/06,137.4
1/27/06,138.94
1/30/06,139.87
1/31/06,141.25
2/1/06,141.71
2/2/06,142.52
2/3/06,142.74
2/6/06,142.82
2/7/06,139.48
2/8/06,141.14
2/9/06,140.85
2/10/06,140.81
2/13/06,139.65
2/14/06,141.78
2/15/06,145.14
2/16/06,145.9
2/17/06,145.54
2/21/06,143.45
2/22/06,145.53
2/23/06,143.96
2/24/06,144.16
2/27/06,143.82
2/28/06,141.29
3/1/06,143.15
3/2/06,144
3/3/06,146
3/6/06,145.02
3/7/06,144.28
3/8/06,142.49
3/9/06,141.7
3/10/06,141.53
3/13/06,140.72
3/14/06,149.42
3/15/06,149
3/16/06,147.69
3/17/06,150.36
3/20/06,152.18
3/21/06,149.4
3/22/06,151.82
3/23/06,151.67
3/24/06,152.17
3/27/06,155
3/28/06,154.16
3/29/06,156.9
3/30/06,156.81
3/31/06,156.96
4/3/06,158.12
4/4/06,161
4/5/06,160.75
4/6/06,162.04
4/7/06,161.02
4/10/06,162.46
4/11/06,159.15
4/12/06,159.52
4/13/06,159.43
4/17/06,161.94
4/18/06,165.55
4/19/06,167.05
4/20/06,168.2
4/21/06,165.89
4/24/06,165.35
4/25/06,162.8
4/26/06,163.4
4/27/06,163.97
4/28/06,160.29
5/1/06,156.45
5/2/06,158.83
5/3/06,159.15
5/4/06,158.04
5/5/06,164.39
5/8/06,163.53
5/9/06,165.75
5/10/06,164.09
5/11/06,159.28
5/12/06,156.11
5/15/06,153.14
5/16/06,152.7
5/17/06,148.21
5/18/06,147.03
5/19/06,149.41
5/22/06,146.15
5/23/06,143.7
5/24/06,143.92
5/25/06,147.32
5/26/06,152.94
5/30/06,149.83
5/31/06,150.95
6/1/06,153.55
6/2/06,154.09
6/5/06,150.4
6/6/06,149.24
6/7/06,149.95
6/8/06,149.76
6/9/06,150.41
6/12/06,145
6/13/06,139.25
6/14/06,138.5
6/15/06,144.12
6/16/06,144
6/19/06,143.75
6/20/06,145.26
6/21/06,149.83
6/22/06,148.31
6/23/06,147.92
6/26/06,149.9
6/27/06,147.16
6/28/06,146.49
6/29/06,152.2
6/30/06,150.43
7/3/06,152.45
7/5/06,150.95
7/6/06,150.58
7/7/06,148.51
7/10/06,148.85
7/11/06,148.67
7/12/06,145.27
7/13/06,142.55
7/14/06,140.1
7/17/06,140.87
7/18/06,142.34
7/19/06,146.97
7/20/06,145.18
7/21/06,142.04
7/24/06,146.9
7/25/06,148.49
7/26/06,147.38
7/27/06,148.26
7/28/06,151.72
7/31/06,152.75
8/1/06,151.26
8/2/06,149.9
8/3/06,152.1
8/4/06,152.99
8/7/06,152.65
8/8/06,151.45
8/9/06,150.01
8/10/06,151.63
8/11/06,151.11
8/14/06,150.37
8/15/06,152.65
8/16/06,154.99
8/17/06,154.45
8/18/06,154.68
8/21/06,153.83
8/22/06,154.15
8/23/06,152.7
8/24/06,151.4
8/25/06,150.07
8/28/06,149.53
8/29/06,147.09
8/30/06,147.06
8/31/06,148.65
9/1/06,149.14
9/5/06,151.28
9/6/06,150.67
9/7/06,148.57
9/8/06,149.8
9/11/06,151
9/12/06,158.29
9/13/06,160.86
9/14/06,162.52
9/15/06,162.71
9/18/06,163.22
9/19/06,163.39
9/20/06,166.6
9/21/06,167.15
9/22/06,167.52
9/25/06,168.69
9/26/06,168.68
9/27/06,169
9/28/06,170
9/29/06,169.17
10/2/06,170.69
10/3/06,174.2
10/4/06,176.56
10/5/06,175.5
10/6/06,175.65
10/9/06,177.45
10/10/06,178.86
10/11/06,178.97
10/12/06,181.51
10/13/06,183.85
10/16/06,185.22
10/17/06,183.07
10/18/06,182.62
10/19/06,180.05
10/20/06,180.4
10/23/06,184.7
10/24/06,187.84
10/25/06,188.61
10/26/06,193.38
10/27/06,188.67
10/30/06,189.75
10/31/06,189.79
11/1/06,185
11/2/06,187.39
11/3/06,187.13
11/6/06,190
11/7/06,188.68
11/8/06,188.77
11/9/06,184.78
11/10/06,187.06
11/13/06,187.73
11/14/06,190.36
11/15/06,193.11
11/16/06,196.72
11/17/06,195.04
11/20/06,197.45
11/21/06,199.76
11/22/06,202.29
11/24/06,201.6
11/27/06,193.11
11/28/06,197.12
11/29/06,196.22
11/30/06,194.8
12/1/06,194.5
12/4/06,200.05
12/5/06,201.61
12/6/06,205
12/7/06,200.2
12/8/06,205.1
12/11/06,202.52
12/12/06,200
12/13/06,198.31
12/14/06,200.13
12/15/06,199.84
12/18/06,203.24
12/19/06,201.24
12/20/06,201.37
12/21/06,198.1
12/22/06,198.09
12/26/06,199.86
12/27/06,201.95
12/28/06,200.8
12/29/06,199.35
1/3/07,200.72
1/4/07,198.85
1/5/07,199.05
1/8/07,203.73
1/9/07,204.08
1/10/07,208.11
1/11/07,211.88
1/12/07,213.99
1/16/07,213.59
1/17/07,213.23
1/18/07,209.33
1/19/07,210.29
1/22/07,212.97
1/23/07,212.64
1/24/07,220.1
1/25/07,213.07
1/26/07,213.5
1/29/07,211.04
1/30/07,208.78
1/31/07,212.16
2/1/07,212
2/2/07,213.43
2/5/07,212.55
2/6/07,214.65
2/7/07,213.55
2/8/07,213.9
2/9/07,213.28
2/12/07,211.13
2/13/07,212.53
2/14/07,217.4
2/15/07,216.82
2/16/07,216.92
2/20/07,220.94
2/21/07,220.15
2/22/07,218.97
2/23/07,216.5
2/26/07,214
2/27/07,199.76
2/28/07,201.75
3/1/07,199.66
3/2/07,195.67
3/5/07,190
3/6/07,197.37
3/7/07,195.59
3/8/07,199.94
3/9/07,201.7
3/12/07,202.6
3/13/07,199.03
3/14/07,200.15
3/15/07,200.89
3/16/07,199
3/19/07,202.44
3/20/07,204
3/21/07,210.95
3/22/07,210.08
3/23/07,211.89
3/26/07,211.73
3/27/07,209.87
3/28/07,206.76
3/29/07,207.2
3/30/07,206.63
4/2/07,205.65
4/3/07,209.75
4/4/07,208.79
4/5/07,207.93
4/9/07,208.94
4/10/07,209.05
4/11/07,206.93
4/12/07,207.05
4/13/07,206.5
4/16/07,214.52
4/17/07,214.9
4/18/07,216.75
4/19/07,218.94
4/20/07,220
4/23/07,222.42
4/24/07,220.72
4/25/07,225.6
4/26/07,224.81
4/27/07,224.28
4/30/07,218.61
5/1/07,218.58
5/2/07,219.49
5/3/07,221.56
5/4/07,227.34
5/7/07,227.22
5/8/07,224.95
5/9/07,226.57
5/10/07,223.1
5/11/07,227.5
5/14/07,226.18
5/15/07,224.38
5/16/07,227.11
5/17/07,227.38
5/18/07,230.34
5/21/07,229.23
5/22/07,230.71
5/23/07,228.54
5/24/07,225.68
5/25/07,225.53
5/29/07,228.44
5/30/07,232
5/31/07,230.82
6/1/07,230.71
6/4/07,229.71
6/5/07,229.36
6/6/07,227.35
6/7/07,220.05
6/8/07,225.06
6/11/07,227.16
6/12/07,227.85
6/13/07,233.64
6/14/07,225.75
6/15/07,226.19
6/18/07,226.97
6/19/07,229.47
6/20/07,225.89
6/21/07,226.9
6/22/07,222.4
6/25/07,216.74
6/26/07,214.17
6/27/07,219.33
6/28/07,218.96
6/29/07,216.75
7/2/07,219.18
7/3/07,224.55
7/5/07,221.32
7/6/07,223.64
7/9/07,223.3
7/10/07,217.08
7/11/07,216.72
7/12/07,220.29
7/13/07,222.18
7/16/07,220.4
7/17/07,219.4
7/18/07,214.99
7/19/07,211.69
7/20/07,205.94
7/23/07,205.04
7/24/07,198.15
7/25/07,203.16
7/26/07,195.12
7/27/07,192.65
7/30/07,195.74
7/31/07,188.34
8/1/07,189
8/2/07,187.46
8/3/07,179.68
8/6/07,187.79
8/7/07,191.25
8/8/07,193.3
8/9/07,182.25
8/10/07,180.5
8/13/07,177.5
8/14/07,169.75
8/15/07,164.9
8/16/07,169.85
8/17/07,175
8/20/07,172.76
8/21/07,175.48
8/22/07,177.89
8/23/07,177.5
8/24/07,179.73
8/27/07,177.95
8/28/07,170.95
8/29/07,173.72
8/30/07,171.38
8/31/07,176.01
9/4/07,180.8
9/5/07,177.81
9/6/07,179.18
9/7/07,178.98
9/10/07,183.61
9/11/07,183.5
9/12/07,182.53
9/13/07,188.47
9/14/07,190.59
9/17/07,187.61
9/18/07,200.5
9/19/07,205.5
9/20/07,203.53
9/21/07,209.98
9/24/07,210.43
9/25/07,210.9
9/26/07,214.61
9/27/07,216.78
9/28/07,216.74
10/1/07,222.98
10/2/07,228.02
10/3/07,227.35
10/4/07,225.95
10/5/07,228.5
10/8/07,226.96
10/9/07,239.2
10/10/07,235.94
10/11/07,229.01
10/12/07,233.56
10/15/07,229.34
10/16/07,224.83
10/17/07,227.62
10/18/07,227.85
10/19/07,217.69
10/22/07,222.18
10/23/07,223.76
10/24/07,225.12
10/25/07,226.66
10/26/07,235.92
10/29/07,243.81
10/30/07,240.33
10/31/07,247.92
11/1/07,240.21
11/2/07,229.6
11/5/07,218.39
11/6/07,223.16
11/7/07,214.18
11/8/07,209.94
11/9/07,211.33
11/12/07,214.71
11/13/07,233.04
11/14/07,233.31
11/15/07,227.02
11/16/07,225.25
11/19/07,220.54
11/20/07,217.48
11/21/07,209.5
11/23/07,216.48
11/26/07,207.45
11/27/07,213.33
11/28/07,227.52
11/29/07,224.38
11/30/07,226.64
12/3/07,226.89
12/4/07,215.22
12/5/07,218.26
12/6/07,222.51
12/7/07,217.89
12/10/07,224.21
12/11/07,211.15
12/12/07,212.58
12/13/07,208.48
12/14/07,210.67
12/17/07,208.63
12/18/07,201.51
12/19/07,204.16
12/20/07,202.67
12/21/07,209.6
12/24/07,214.32
12/26/07,216.69
12/27/07,211.95
12/28/07,211.94
12/31/07,215.05
1/2/08,207.6
1/3/08,204.84
1/4/08,199.93
1/7/08,194.73
1/8/08,189.5
1/9/08,191.75
1/10/08,196.91
1/11/08,198.74
1/14/08,201.65
1/15/08,193.29
1/16/08,197.5
1/17/08,190.98
1/18/08,187.21
1/22/08,190.69
1/23/08,199.39
1/24/08,199.2
1/25/08,191.37
1/28/08,196.25
1/29/08,196.05
1/30/08,198.55
1/31/08,199.55
2/1/08,207.78
2/4/08,200.8
2/5/08,189.86
2/6/08,187.17
2/7/08,190.46
2/8/08,187.07
2/11/08,185.87
2/12/08,180.65
2/13/08,180.18
2/14/08,176.56
2/15/08,178.41
2/19/08,173.8
2/20/08,177.25
2/21/08,175.17
2/22/08,177.71
2/25/08,177.36
2/26/08,172.7
2/27/08,180.8
2/28/08,176.7
2/29/08,169.63
3/3/08,165.08
3/4/08,163.6
3/5/08,164.97
3/6/08,158.65
3/7/08,160.07
3/10/08,155.58
3/11/08,163.07
3/12/08,163.01
3/13/08,165.44
3/14/08,156.86
3/17/08,151.02
3/18/08,175.59
3/19/08,166.49
3/20/08,179.63
3/24/08,178.88
3/25/08,179.63
3/26/08,175.48
3/27/08,168.14
3/28/08,164.45
3/31/08,165.39
4/1/08,176.86
4/2/08,176.87
4/3/08,176.53
4/4/08,175.4
4/7/08,178.73
4/8/08,178.9
4/9/08,174.14
4/10/08,170.55
4/11/08,167.3
4/14/08,163.59
4/15/08,164.2
4/16/08,169.05
4/17/08,172.1
4/18/08,179.93
4/21/08,180.4
4/22/08,179.76
4/23/08,179.35
4/24/08,188.79
4/25/08,192
4/28/08,190.24
4/29/08,192.68
4/30/08,191.37
5/1/08,199.05
5/2/08,200.27
5/5/08,197.12
5/6/08,197.61
5/7/08,189.76
5/8/08,187.72
5/9/08,188.09
5/12/08,192.08
5/13/08,190.33
5/14/08,190.13
5/15/08,188.62
5/16/08,187.14
5/19/08,184.4
5/20/08,182.43
5/21/08,178.6
5/22/08,177.2
5/23/08,172.64
5/27/08,173.92
5/28/08,174.83
5/29/08,176.24
5/30/08,176.41
6/2/08,172.34
6/3/08,170.58
6/4/08,172.1
6/5/08,176.6
6/6/08,169.44
6/9/08,165.76
6/10/08,167.21
6/11/08,162.4
6/12/08,166.75
6/13/08,178.29
6/16/08,182.09
6/17/08,179.44
6/18/08,182.77
6/19/08,186.93
6/20/08,183.77
6/23/08,178.59
6/24/08,181.98
6/25/08,183.65
6/26/08,176.26
6/27/08,174.56
6/30/08,174.9
7/1/08,175.33
7/2/08,178.79
7/3/08,178.89
7/7/08,169.82
7/8/08,174.9
7/9/08,169.02
7/10/08,170.16
7/11/08,162.48
7/14/08,158.67
7/15/08,157.8
7/16/08,172.86
7/17/08,181.24
7/18/08,182.84
7/21/08,180.78
7/22/08,188.04
7/23/08,187.87
7/24/08,180.26
7/25/08,178.66
7/28/08,172.9
7/29/08,181.63
7/30/08,186.17
7/31/08,184.04
8/1/08,182
8/4/08,177.86
8/5/08,180.77
8/6/08,179.55
8/7/08,172.33
8/8/08,175.95
8/11/08,178
8/12/08,167.3
8/13/08,164.9
8/14/08,166.59
8/15/08,163.18
8/18/08,160.04
8/19/08,158
8/20/08,158.25
8/21/08,156.42
8/22/08,159.81
8/25/08,155.71
8/26/08,155.91
8/27/08,155.48
8/28/08,161.83
8/29/08,163.97
9/2/08,165.32
9/3/08,167.61
9/4/08,160.9
9/5/08,163.24
9/8/08,169.73
9/9/08,161.67
9/10/08,157.59
9/11/08,157.03
9/12/08,154.21
9/15/08,135.5
9/16/08,133.01
9/17/08,114.5
9/18/08,108
9/19/08,129.8
9/22/08,120.78
9/23/08,125.05
9/24/08,133
9/25/08,135.5
9/26/08,137.99
9/29/08,120.7
9/30/08,128
10/1/08,134.5
10/2/08,131.54
10/3/08,128
10/6/08,124
10/7/08,115
10/8/08,113
10/9/08,101.35
10/10/08,88.8
10/13/08,111
10/14/08,122.9
10/15/08,113.15
10/16/08,112.4
10/17/08,114.3
10/20/08,121.5
10/21/08,121.35
10/22/08,115.06
10/23/08,108.58
10/24/08,100.4
10/27/08,92.88
10/28/08,93.57
10/29/08,97.66
10/30/08,91.11
10/31/08,92.5
11/3/08,89.09
11/4/08,95
11/5/08,87.43
11/6/08,80.72
11/7/08,77.78
11/10/08,71.21
11/11/08,74.68
11/12/08,66.79
11/13/08,69.99
11/14/08,66.73
11/17/08,62.49
11/18/08,62.03
11/19/08,55.18
11/20/08,52
11/21/08,53.31
11/24/08,67.42
11/25/08,71.78
11/26/08,76.5
11/28/08,78.99
12/1/08,65.76
12/2/08,65
12/3/08,68.95
12/4/08,67.53
12/5/08,70.72
12/8/08,77.15
12/9/08,72.77
12/10/08,71.53
12/11/08,69.71
12/12/08,67.74
12/15/08,66.46
12/16/08,76
12/17/08,78.78
12/18/08,80.05
12/19/08,80.73
12/22/08,77
12/23/08,75.2
12/24/08,76.44
12/26/08,75.97
12/29/08,76.56
12/30/08,82.06
12/31/08,84.39
1/2/09,86.76
1/5/09,88.78
1/6/09,88.71
1/7/09,84.5
1/8/09,85.41
1/9/09,83.92
1/12/09,77.67
1/13/09,77.92
1/14/09,75.69
1/15/09,73.83
1/16/09,73.05
1/20/09,59.2
1/21/09,69.9
1/22/09,71.03
1/23/09,74.91
1/26/09,74.2
1/27/09,78.26
1/28/09,87.7
1/29/09,82.72
1/30/09,80.73
2/2/09,83.57
2/3/09,82.81
2/4/09,87.97
2/5/09,92.85
2/6/09,96.57
2/9/09,97.89
2/10/09,90.4
2/11/09,94.71
2/12/09,95.58
2/13/09,96.45
2/17/09,85.71
2/18/09,84.5
2/19/09,86.01
2/20/09,84.59
2/23/09,80.07
2/24/09,92.98
2/25/09,89.92
2/26/09,92.15
2/27/09,91.08
3/2/09,86.27
3/3/09,82.37
3/4/09,85.47
3/5/09,81.72
3/6/09,75.65
3/9/09,73.95
3/10/09,85.28
3/11/09,92.39
3/12/09,97.25
3/13/09,98.8
3/16/09,93.9
3/17/09,98.99
3/18/09,105.25
3/19/09,99.3
3/20/09,97.32
3/23/09,111.93
3/24/09,110.63
3/25/09,112.95
3/26/09,111.99
3/27/09,108.08
3/30/09,100.46
3/31/09,106.02
4/1/09,110.29
4/2/09,114.22
4/3/09,119.4
4/6/09,116.65
4/7/09,116.08
4/8/09,114.75
4/9/09,124.33
4/13/09,130.15
4/14/09,115.11
4/15/09,121.19
4/16/09,121.19
4/17/09,120.6
4/20/09,115.01
4/21/09,120.36
4/22/09,120.49
4/23/09,122.81
4/24/09,121.3
4/27/09,120.9
4/28/09,120.67
4/29/09,127.18
4/30/09,128.5
5/1/09,127.08
5/4/09,134.16
5/5/09,135.2
5/6/09,139.22
5/7/09,133.73
5/8/09,139.59
5/11/09,135.78
5/12/09,135.41
5/13/09,129.26
5/14/09,133.6
5/15/09,134.4
5/18/09,143.15
5/19/09,141.15
5/20/09,136.44
5/21/09,137.16
5/22/09,136.35
5/26/09,142.05
5/27/09,140.01
5/28/09,144.65
5/29/09,144.57
6/1/09,144.33
6/2/09,143.13
6/3/09,142.15
6/4/09,149.47
6/5/09,149.01
6/8/09,148.35
6/9/09,149.31
6/10/09,146.68
6/11/09,145.15
6/12/09,145.64
6/15/09,143.01
6/16/09,144.16
6/17/09,139.73
6/18/09,143.09
6/19/09,143.13
6/22/09,137.01
6/23/09,141.19
6/24/09,142.65
6/25/09,144.43
6/26/09,146.74
6/29/09,149.36
6/30/09,147.44
7/1/09,147.32
7/2/09,143.72
7/6/09,146.46
7/7/09,142.54
7/8/09,138.55
7/9/09,143.21
7/10/09,141.87
7/13/09,149.44
7/14/09,149.66
7/15/09,155.26
7/16/09,156.84
7/17/09,156.84
7/20/09,160.03
7/21/09,159.8
7/22/09,160.46
7/23/09,165.45
7/24/09,164.72
7/27/09,163.87
7/28/09,160.54
7/29/09,159.44
7/30/09,162.42
7/31/09,163.3
8/3/09,164.1
8/4/09,165.17
8/5/09,168.64
8/6/09,166.75
8/7/09,163.65
8/10/09,160.36
8/11/09,159.22
8/12/09,163.76
8/13/09,164.48
8/14/09,162.73
8/17/09,157.25
8/18/09,160.48
8/19/09,159.93
8/20/09,161.98
8/21/09,163.51
8/24/09,162.58
8/25/09,164.94
8/26/09,165.95
8/27/09,165.02
8/28/09,164.42
8/31/09,165.46
9/1/09,160.17
9/2/09,158.54
9/3/09,161.66
9/4/09,162.97
9/8/09,167.22
9/9/09,170.27
9/10/09,174.87
9/11/09,174.7
9/14/09,177.71
9/15/09,176.66
9/16/09,179.87
9/17/09,181.46
9/18/09,183.18
9/21/09,182.39
9/22/09,185.52
9/23/09,183.64
9/24/09,183.06
9/25/09,179.5
9/28/09,182.5
9/29/09,183.58
9/30/09,184.35
10/1/09,178.99
10/2/09,179.61
10/5/09,186.47
10/6/09,186.98
10/7/09,190.48
10/8/09,188.17
10/9/09,189.3
10/12/09,190.15
10/13/09,187.23
10/14/09,192.28
10/15/09,188.63
10/16/09,184.37
10/19/09,185.5
10/20/09,184.96
10/21/09,179.26
10/22/09,183.69
10/23/09,180.36
10/26/09,179.37
10/27/09,178.61
10/28/09,172.16
10/29/09,178.58
10/30/09,170.17
11/2/09,170.68
11/3/09,171.61
11/4/09,169.5
11/5/09,173.4
11/6/09,171.78
11/9/09,176.57
11/10/09,176.51
11/11/09,179.85
11/12/09,178.48
11/13/09,176.76
11/16/09,177.25
11/17/09,176.6
11/18/09,176.9
11/19/09,172.83
11/20/09,170.01
11/23/09,172
11/24/09,171.13
11/25/09,164.16
11/27/09,163.81
11/30/09,169.66
12/1/09,167.63
12/2/09,166.66
12/3/09,164.3
12/4/09,167.24
12/7/09,163.85
12/8/09,161.84
12/9/09,166.44
12/10/09,166.73
12/11/09,166
12/14/09,166.1
12/15/09,162.74
12/16/09,164.99
12/17/09,160.93
12/18/09,163.19
12/21/09,165.45
12/22/09,164.6
12/23/09,163.63
12/24/09,163.97
12/28/09,163.76
12/29/09,164.12
12/30/09,166.7
12/31/09,168.84
1/4/10,173.08
1/5/10,176.14
1/6/10,174.26
1/7/10,177.67
1/8/10,174.31
1/11/10,171.56
1/12/10,167.82
1/13/10,169.07
1/14/10,168.53
1/15/10,165.21
1/19/10,166.86
1/20/10,167.79
1/21/10,160.87
1/22/10,154.12
1/25/10,154.98
1/26/10,150.88
1/27/10,151.5
1/28/10,153.29
1/29/10,148.72
2/1/10,153.13
2/2/10,156.94
2/3/10,157.23
2/4/10,150.68
2/5/10,154.16
2/8/10,151.1
2/9/10,152.49
2/10/10,153.63
2/11/10,154.05
2/12/10,153.93
2/16/10,157.4
2/17/10,157.26
2/18/10,155.73
2/19/10,156.18
2/22/10,156.71
2/23/10,156.7
2/24/10,158.33
2/25/10,156.09
2/26/10,156.35
3/1/10,156.54
3/2/10,158.75
3/3/10,157.72
3/4/10,163.61
3/5/10,167.18
3/8/10,169.84
3/9/10,168.85
3/10/10,171.94
3/11/10,173.51
3/12/10,174.96
3/15/10,173.53
3/16/10,176.19
3/17/10,176.64
3/18/10,177.45
3/19/10,177.9
3/22/10,176.1575
3/23/10,174.83
3/24/10,174.41
3/25/10,174.9
3/26/10,172.87
3/29/10,174.05
3/30/10,171.38
3/31/10,170.63
4/1/10,170.22
4/5/10,173.16
4/6/10,172.9
4/7/10,176.36
4/8/10,179.5
4/9/10,179.12
4/12/10,177.84
4/13/10,179.25
4/14/10,184.92
4/15/10,184.27
4/16/10,160.7
4/19/10,163.32
4/20/10,159.98
4/21/10,158.93
4/22/10,159.05
4/23/10,157.4
4/26/10,152.03
4/27/10,153.04
4/28/10,157.01
4/29/10,160.24
4/30/10,145.2
5/3/10,149.5
5/4/10,149.45
5/5/10,148.19
5/6/10,142.32
5/7/10,142.99
5/10/10,143.83
5/11/10,141.97
5/12/10,147.2
5/13/10,144.65
5/14/10,143.23
5/17/10,142.64
5/18/10,137.36
5/19/10,140.1
5/20/10,136.1
5/21/10,140.62
5/24/10,136.69
5/25/10,142.56
5/26/10,140.3
5/27/10,144.95
5/28/10,144.26
6/1/10,141.86
6/2/10,144.83
6/3/10,144.04
6/4/10,142.25
6/7/10,138.68
6/8/10,137.78
6/9/10,136.8
6/10/10,133.77
6/11/10,135.64
6/14/10,133.44
6/15/10,136.9
6/16/10,137.06
6/17/10,137.32
6/18/10,138.18
6/21/10,137.74
6/22/10,134.79
6/23/10,135.07
6/24/10,134.98
6/25/10,139.66
6/28/10,136.66
6/29/10,133.76
6/30/10,131.27
7/1/10,131.14
7/2/10,131.08
7/6/10,132.26
7/7/10,135.83
7/8/10,135.46
7/9/10,138.06
7/12/10,137.25
7/13/10,140.25
7/14/10,139.06
7/15/10,145.22
7/16/10,146.17
7/19/10,145.68
7/20/10,148.91
7/21/10,146.99
7/22/10,146.55
7/23/10,147.38
7/26/10,148.2
7/27/10,147.23
7/28/10,147.2
7/29/10,152.58
7/30/10,150.82
8/2/10,152.74
8/3/10,153.19
8/4/10,156.41
8/5/10,155.92
8/6/10,155.18
8/9/10,155.4
8/10/10,153.9
8/11/10,149.25
8/12/10,149.42
8/13/10,148.08
8/16/10,147.76
8/17/10,148.59
8/18/10,149.2
8/19/10,147.05
8/20/10,148.24
8/23/10,146.74
8/24/10,143.95
8/25/10,144.68
8/26/10,141.81
8/27/10,139.75
8/30/10,136.66
8/31/10,136.93
9/1/10,139.74
9/2/10,139.78
9/3/10,147.29
9/7/10,145.21
9/8/10,147.54
9/9/10,149.14
9/10/10,150.39
9/13/10,154.37
9/14/10,152.53
9/15/10,152.56
9/16/10,152.23
9/17/10,150.98
9/20/10,151.9
9/21/10,151.4
9/22/10,148.07
9/23/10,144.91
9/24/10,147.28
9/27/10,146
9/28/10,145.01
9/29/10,144.42
9/30/10,144.58
10/1/10,147.7
10/4/10,146.57
10/5/10,149.57
10/6/10,150.84
10/7/10,151.11
10/8/10,152.66
10/11/10,152.2
10/12/10,155.21
10/13/10,154.73
10/14/10,151.59
10/15/10,150.69
10/18/10,153.7
10/19/10,156.72
10/20/10,159.6
10/21/10,159.3
10/22/10,157.76
10/25/10,157.39
10/26/10,158.29
10/27/10,160.15
10/28/10,163.24
10/29/10,161.13
11/1/10,161.57
11/2/10,162.82
11/3/10,162.63
11/4/10,166.39
11/5/10,171.07
11/8/10,169.2
11/9/10,166.55
11/10/10,167.22
11/11/10,167.71
11/12/10,165.83
11/15/10,167.22
11/16/10,165.1
11/17/10,164.89
11/18/10,167.35
11/19/10,166.67
11/22/10,161.05
11/23/10,157.78
11/24/10,160.26
11/26/10,158.22
11/29/10,159.28
11/30/10,156.14
12/1/10,158.45
12/2/10,162.5
12/3/10,162.31
12/6/10,162.65
12/7/10,161.59
12/8/10,166.14
12/9/10,166.45
12/10/10,168.47
12/13/10,169.48
12/14/10,167.33
12/15/10,165.21
12/16/10,164.46
12/17/10,164.04
12/20/10,166.05
12/21/10,168.23
12/22/10,169.6
12/23/10,167.6
12/27/10,169.83
12/28/10,169.19
12/29/10,167.63
12/30/10,167.64
12/31/10,168.16
1/3/11,173.05
1/4/11,173.08
1/5/11,174
1/6/11,172.21
1/7/11,170.69
1/10/11,169.76
1/11/11,169.36
1/12/11,171.67
1/13/11,171.57
1/14/11,175
1/18/11,174.68
1/19/11,166.49
1/20/11,165.69
1/21/11,166.2
1/24/11,166.3
1/25/11,161.98
1/26/11,161.31
1/27/11,164.03
1/28/11,161.77
1/31/11,163.62
2/1/11,165.33
2/2/11,165.05
2/3/11,164.64
2/4/11,164.83
2/7/11,167.13
2/8/11,168.55
2/9/11,166.01
2/10/11,165.34
2/11/11,166.66
2/14/11,167.52
2/15/11,167.91
2/16/11,168.81
2/17/11,167.16
2/18/11,168.04
2/22/11,162.94
2/23/11,163.09
2/24/11,163.44
2/25/11,165.12
2/28/11,163.78
3/1/11,161.31
3/2/11,161.69
3/3/11,164.49
3/4/11,161
3/7/11,159.15
3/8/11,161.3
3/9/11,162.35
3/10/11,160.27
3/11/11,160.68
3/14/11,158.43
3/15/11,157.25
3/16/11,154.38
3/17/11,155.75
3/18/11,159.96
3/21/11,160.21
3/22/11,160.79
3/23/11,159.53
3/24/11,159.91
3/25/11,157.97
3/28/11,156.47
3/29/11,158.47
3/30/11,159.07
3/31/11,158.6
4/1/11,160.23
4/4/11,158.9
4/5/11,158.91
4/6/11,161.89
4/7/11,162.4
4/8/11,160.96
4/11/11,161.47
4/12/11,160.42
4/13/11,160.17
4/14/11,155.79
4/15/11,155.13
4/18/11,153.78
4/19/11,151.86
4/20/11,152.7
4/21/11,153.51
4/25/11,152.19
4/26/11,153.27
4/27/11,152.86
4/28/11,150.6
4/29/11,151.01
5/2/11,151.3
5/3/11,151.87
5/4/11,151.52
5/5/11,150.41
5/6/11,150.1
5/9/11,149.12
5/10/11,150.4
5/11/11,147.88
5/12/11,142.75
5/13/11,141.46
5/16/11,140.6
5/17/11,140.81
5/18/11,140.84
5/19/11,139.34
5/20/11,134.99
5/23/11,135.84
5/24/11,136.34
5/25/11,136.24
5/26/11,136.26
5/27/11,138.66
5/31/11,140.73
6/1/11,136.17
6/2/11,134.38
6/3/11,135.33
6/6/11,133.9
6/7/11,132.99
6/8/11,131.59
6/9/11,133.53
6/10/11,135.92
6/13/11,137.53
6/14/11,137.1
6/15/11,134.85
6/16/11,136.09
6/17/11,137.23
6/20/11,135.14
6/21/11,135.96
6/22/11,134.52
6/23/11,132.36
6/24/11,130.91
6/27/11,130.71
6/28/11,129.26
6/29/11,132.53
6/30/11,133.09
7/1/11,136.65
7/5/11,134.5
7/6/11,133.89
7/7/11,135.01
7/8/11,134.08
7/11/11,132.02
7/12/11,130.31
7/13/11,129.92
7/14/11,129.89
7/15/11,130.16
7/18/11,129.33
7/19/11,128.49
7/20/11,132.75
7/21/11,135.58
7/22/11,135.49
7/25/11,136.85
7/26/11,137.6
7/27/11,134.72
7/28/11,135.84
7/29/11,134.97
8/1/11,134.15
8/2/11,131.23
8/3/11,132.08
8/4/11,126.23
8/5/11,125.18
8/8/11,117.66
8/9/11,122.73
8/10/11,110.34
8/11/11,118.1
8/12/11,116.47
8/15/11,119.13
8/16/11,116.87
8/17/11,117.25
8/18/11,113.14
8/19/11,111.76
8/22/11,106.51
8/23/11,106.86
8/24/11,110.31
8/25/11,109.84
8/26/11,111.75
8/29/11,116.07
8/30/11,115.18
8/31/11,116.22
9/1/11,112.16
9/2/11,107.06
9/6/11,104.56
9/7/11,108.34
9/8/11,104.79
9/9/11,102.25
9/12/11,102.92
9/13/11,104.09
9/14/11,104.54
9/15/11,107.97
9/16/11,107.49
9/19/11,104.81
9/20/11,102.61
9/21/11,97.86
9/22/11,93.98
9/23/11,95.18
9/26/11,99.14
9/27/11,99.55
9/28/11,96.32
9/29/11,99.87
9/30/11,94.55
10/3/11,90.08
10/4/11,94.58
10/5/11,94.29
10/6/11,97.93
10/7/11,92.69
10/10/11,96.14
10/11/11,96.7
10/12/11,99.11
10/13/11,96.15
10/14/11,96.73
10/17/11,96.9
10/18/11,102.25
10/19/11,100.79
10/20/11,100.86
10/21/11,102.09
10/24/11,103.98
10/25/11,100.44
10/26/11,106.33
10/27/11,114.91
10/28/11,115.86
10/31/11,109.55
11/1/11,103.54
11/2/11,106.13
11/3/11,107.68
11/4/11,105.04
11/7/11,105.57
11/8/11,108.58
11/9/11,99.67
11/10/11,99.5
11/11/11,101.66
11/14/11,99.29
11/15/11,99.75
11/16/11,95.6
11/17/11,92.35
11/18/11,91.91
11/21/11,91.3
11/22/11,89.4
11/23/11,87.89
11/25/11,88.75
11/28/11,90.78
11/29/11,88.81
11/30/11,95.86
12/1/11,94.43
12/2/11,97.25
12/5/11,99.82
12/6/11,101.16
12/7/11,105.13
12/8/11,99.92
12/9/11,101.45
12/12/11,98.03
12/13/11,95.04
12/14/11,93.25
12/15/11,91.9
12/16/11,90.1
12/19/11,87.7
12/20/11,90.98
12/21/11,92
12/22/11,94.42
12/23/11,93.79
12/27/11,91.9
12/28/11,90.12
12/29/11,91.01
12/30/11,90.43
1/3/12,95.36
1/4/12,94.74
1/5/12,94.58
1/6/12,93.42
1/9/12,94.69
1/10/12,98.33
1/11/12,99.76
1/12/12,101.21
1/13/12,98.96
1/17/12,97.68
1/18/12,104.31
1/19/12,107.68
1/20/12,108.74
1/23/12,108.19
1/24/12,108.87
1/25/12,108.27
1/26/12,108.56
1/27/12,111.77
1/30/12,109.73
1/31/12,111.47
2/1/12,113.45
2/2/12,113.39
2/3/12,117.53
2/6/12,117.39
2/7/12,115.98
2/8/12,116.15
2/9/12,115.88
2/10/12,114.12
2/13/12,114.53
2/14/12,112.87
2/15/12,113.17
2/16/12,114.74
2/17/12,115.91
2/21/12,116.63
2/22/12,114.36
2/23/12,115.8
2/24/12,115.87
2/27/12,116.23
2/28/12,117.11
2/29/12,115.14
3/1/12,121.13
3/2/12,119.96
3/5/12,118.63
3/6/12,113.67
3/7/12,116.4
3/8/12,117.17
3/9/12,117.29
3/12/12,116.99
3/13/12,124.54
3/14/12,120.37
3/15/12,123.06
3/16/12,122.93
3/19/12,124.3
3/20/12,126.02
3/21/12,125.99
3/22/12,124.74
3/23/12,126.18
3/26/12,128.07
3/27/12,126.33
3/28/12,126.36
3/29/12,123.76
3/30/12,124.37
4/2/12,124.9
4/3/12,122.71
4/4/12,119.96
4/5/12,118
4/9/12,117.02
4/10/12,114.56
4/11/12,115.93
4/12/12,120.39
4/13/12,115.09
4/16/12,117.73
4/17/12,116.86
4/18/12,115.33
4/19/12,113.6
4/20/12,112.44
4/23/12,111.75
4/24/12,114.11
4/25/12,113.98
4/26/12,114.56
4/27/12,114.41
4/30/12,115.15
5/1/12,115.33
5/2/12,113.77
5/3/12,111.53
5/4/12,108.99
5/7/12,110.04
5/8/12,109.37
5/9/12,107.29
5/10/12,106.32
5/11/12,102.13
5/14/12,99.77
5/15/12,99.87
5/16/12,98.2
5/17/12,97.08
5/18/12,95.49
5/21/12,96.51
5/22/12,97.53
5/23/12,98.04
5/24/12,96.86
5/25/12,96.7
5/29/12,97.86
5/30/12,94.61
5/31/12,95.7
6/1/12,92.64
6/4/12,91
6/5/12,92.21
6/6/12,94.96
6/7/12,94
6/8/12,94.54
6/11/12,92.8
6/12/12,94.04
6/13/12,92.72
6/14/12,93.82
6/15/12,95.66
6/18/12,93.63
6/19/12,96.37
6/20/12,96.55
6/21/12,93.9
6/22/12,93.63
6/25/12,91.22
6/26/12,91.03
6/27/12,93.27
6/28/12,93.49
6/29/12,95.86
7/2/12,97.13
7/3/12,98.6
7/5/12,95.92
7/6/12,95.47
7/9/12,94.47
7/10/12,94.25
7/11/12,95.13
7/12/12,94.02
7/13/12,97.43
7/16/12,97.68
7/17/12,97.98
7/18/12,96.51
7/19/12,95
7/20/12,94.16
7/23/12,93.16
7/24/12,94.47
7/25/12,95.96
7/26/12,98.06
7/27/12,101.64
7/30/12,100.88
7/31/12,100.9
8/1/12,100.09
8/2/12,97.81
8/3/12,100.98
8/6/12,102.02
8/7/12,103.24
8/8/12,102.5
8/9/12,103.6
8/10/12,103.02
8/13/12,103.61
8/14/12,103.26
8/15/12,103.13
8/16/12,103.49
8/17/12,103.6
8/20/12,105.28
8/21/12,105.32
8/22/12,104.67
8/23/12,104.08
8/24/12,104.96
8/27/12,105.12
8/28/12,105.03
8/29/12,105.53
8/30/12,104.72
8/31/12,105.72
9/4/12,106.41
9/5/12,109.94
9/6/12,113.54
9/7/12,116.33
9/10/12,114.68
9/11/12,116.69
9/12/12,118.24
9/13/12,120.67
9/14/12,121.36
9/17/12,119.9
9/18/12,119.88
9/19/12,119.02
9/20/12,117.63
9/21/12,116.72
9/24/12,116.6
9/25/12,113.5
9/26/12,113.08
9/27/12,115.23
9/28/12,113.68
10/1/12,116.86
10/2/12,117.25
10/3/12,117.91
10/4/12,119.9
10/5/12,119.31
10/8/12,119.46
10/9/12,119.63
10/10/12,120.08
10/11/12,121.99
10/12/12,120.2
10/15/12,124.5
10/16/12,123.22
10/17/12,124.92
10/18/12,125.15
10/19/12,123.62
10/22/12,122.77
10/23/12,119
10/24/12,119.77
10/25/12,119.72
10/26/12,119.44
10/31/12,122.39
11/1/12,124.85
11/2/12,123.25
11/5/12,124.08
11/6/12,126.25
11/7/12,117.98
11/8/12,115.27
11/9/12,116.15
11/12/12,117.24
11/13/12,116.47
11/14/12,114.24
11/15/12,115.44
11/16/12,115.84
11/19/12,118.3
11/20/12,118.09
11/21/12,117.7
11/23/12,120.31
11/26/12,120.94
11/27/12,118.41
11/28/12,119.33
11/29/12,118.73
11/30/12,117.79
12/3/12,118.4
12/4/12,116.58
12/5/12,117.13
12/6/12,117.2
12/7/12,116.57
12/10/12,117.01
12/11/12,118.86
12/12/12,118.09
12/13/12,118.5
12/14/12,119.36
12/17/12,123.49
12/18/12,127.77
12/19/12,127.2481
12/20/12,129.72
12/21/12,128.44
12/24/12,127.54
12/26/12,127.16
12/27/12,126.67
12/28/12,125.52
12/31/12,127.56
1/2/13,131.66
1/3/13,130.94
1/4/13,134.51
1/7/13,134.26
1/8/13,133.05
1/9/13,134.32
1/10/13,137.37
1/11/13,137.13
1/14/13,136.13
1/15/13,135.59
1/16/13,141.09
1/17/13,141.01
1/18/13,144.45
1/22/13,145.95
1/23/13,145.56
1/24/13,144.96
1/25/13,144.46
1/28/13,144.15
1/29/13,147.1
1/30/13,147.15
1/31/13,147.86
2/1/13,149.9
2/4/13,147.52
2/5/13,150.45
2/6/13,151.12
2/7/13,150.26
2/8/13,151.6
2/11/13,152.24
2/12/13,154.11
2/13/13,154.52
2/14/13,155.93
2/15/13,154.99
2/19/13,158.65
2/20/13,155.18
2/21/13,150.88
2/22/13,154.09
2/25/13,147.65
2/26/13,148
2/27/13,151.65
2/28/13,149.76
3/1/13,150.53
3/4/13,152.18
3/5/13,152.96
3/6/13,154.13
3/7/13,156.62
3/8/13,152.98
3/11/13,153.3
3/12/13,151.85
3/13/13,151.91
3/14/13,154.02
3/15/13,154.84
3/18/13,151.95
3/19/13,148.84
3/20/13,150.13
3/21/13,145.38
3/22/13,146.6
3/25/13,146.11
3/26/13,146.54
3/27/13,147.84
3/28/13,147.15
4/1/13,146.04
4/2/13,146.68
4/3/13,143.41
4/4/13,142.99
4/5/13,143.69
4/8/13,143.82
4/9/13,146.52
4/10/13,149.46
4/11/13,149.07
4/12/13,149.12
4/15/13,146.46
4/16/13,144.1
4/17/13,140.6
4/18/13,138.6
4/19/13,138.72
4/22/13,139.52
4/23/13,142.94
4/24/13,143.93
4/25/13,144.76
4/26/13,144.11
4/29/13,145.11
4/30/13,146.07
5/1/13,142.61
5/2/13,143.67
5/3/13,145.37
5/6/13,148.45
5/7/13,149.32
5/8/13,150.26
5/9/13,148.54
5/10/13,149.1
5/13/13,149.63
5/14/13,154.52
5/15/13,155.61
5/16/13,154.47
5/17/13,158.18
5/20/13,158.9
5/21/13,160.73
5/22/13,159.34
5/23/13,157.41
5/24/13,158.72
5/28/13,160.7
5/29/13,162.87
5/30/13,164.35
5/31/13,162.08
6/3/13,163.56
6/4/13,161.68
6/5/13,158.3
6/6/13,159.68
6/7/13,166.01
6/10/13,167.49
6/11/13,163.31
6/12/13,161.86
6/13/13,165.82
6/14/13,162.92
6/17/13,164.11
6/18/13,164.15
6/19/13,161.56
6/20/13,155.41
6/21/13,154.25
6/24/13,150.78
6/25/13,153.06
6/26/13,151.66
6/27/13,153.51
6/28/13,151.25
7/1/13,151.75
7/2/13,150.92
7/3/13,150.43
7/5/13,153.24
7/8/13,153.81
7/9/13,156.94
7/10/13,155.83
7/11/13,157.71
7/12/13,160.11
7/15/13,163
7/16/13,160.24
7/17/13,161.5
7/18/13,164.06
7/19/13,164.36
7/22/13,166.25
7/23/13,166.26
7/24/13,165.04
7/25/13,165.91
7/26/13,165.26
7/29/13,163.17
7/30/13,162.43
7/31/13,164.03
8/1/13,167.49
8/2/13,167.62
8/5/13,168.32
8/6/13,164.78
8/7/13,163.45
8/8/13,162.84
8/9/13,162.13
8/12/13,161.69
8/13/13,163.71
8/14/13,163.34
8/15/13,160.75
8/16/13,160.66
8/19/13,158.63
8/20/13,159.56
8/21/13,157.11
8/22/13,159.41
8/23/13,158.65
8/26/13,157.9
8/27/13,153.23
8/28/13,152.97
8/29/13,153.63
8/30/13,152.13
9/3/13,154.76
9/4/13,155.74
9/5/13,156.17
9/6/13,156.66
9/9/13,159.49
9/10/13,165.14
9/11/13,165.06
9/12/13,163.35
9/13/13,164
9/16/13,167.03
9/17/13,167.42
9/18/13,168.06
9/19/13,167.78
9/20/13,169.75
9/23/13,165.25
9/24/13,162.97
9/25/13,162.31
9/26/13,162.29
9/27/13,159.85
9/30/13,158.21
10/1/13,159
10/2/13,158.67
10/3/13,156.85
10/4/13,156.55
10/7/13,154.25
10/8/13,153.05
10/9/13,154.44
10/10/13,158.01
10/11/13,160
10/14/13,159.46
10/15/13,157.63
10/16/13,162.25
10/17/13,158.32
10/18/13,158.69
10/21/13,159.77
10/22/13,159.25
10/23/13,157.74
10/24/13,159.96
10/25/13,162.09
10/28/13,161.45
10/29/13,162.11
10/30/13,162.05
10/31/13,160.86
11/1/13,162.05
11/4/13,163.16
11/5/13,161.95
11/6/13,163.52
11/7/13,159.64
11/8/13,163.17
11/11/13,163.84
11/12/13,162.89
11/13/13,162.94
11/14/13,163.2
11/15/13,164.4
11/18/13,165.68
11/19/13,166.6
11/20/13,165
11/21/13,167.07
11/22/13,168.1
11/25/13,169.48
11/26/13,168.04
11/27/13,168.22
11/29/13,168.94
12/2/13,169.72
12/3/13,168.05
12/4/13,168.7
12/5/13,165.56
12/6/13,167.21
12/9/13,167.67
12/10/13,169.73
12/11/13,167.6
12/12/13,168.33
12/13/13,168.39
12/16/13,170.95
12/17/13,170.49
12/18/13,174.84
12/19/13,174.77
12/20/13,175.16
12/23/13,176.47
12/24/13,176.16
12/26/13,176.45
12/27/13,176.35
12/30/13,175.73
12/31/13,177.26
1/2/14,176.89
1/3/14,178.15
1/6/14,179.37
1/7/14,178.29
1/8/14,178.44
1/9/14,177.4
1/10/14,178.39
1/13/14,175.88
1/14/14,176.6
1/15/14,178.75
1/16/14,175.17
1/17/14,176.28
1/21/14,173.2
1/22/14,173.68
1/23/14,170.75
1/24/14,167.64
1/27/14,164.69
1/28/14,166.25
1/29/14,163.9
1/30/14,165.84
1/31/14,164.12
2/3/14,159.82
2/4/14,161.76
2/5/14,160.42
2/6/14,161.75
2/7/14,161.93
2/10/14,161
2/11/14,164.39
2/12/14,163.5
2/13/14,164.06
2/14/14,163.72
2/18/14,164.65
2/19/14,163.26
2/20/14,164.5
2/21/14,164.5
2/24/14,166.54
2/25/14,163.48
2/26/14,162.8
2/27/14,165.38
2/28/14,166.45
3/3/14,164.74
3/4/14,168.73
3/5/14,171.9
3/6/14,172.6
3/7/14,174.26
3/10/14,173.51
3/11/14,169.89
3/12/14,169.72
3/13/14,166.7
3/14/14,165.35
3/17/14,166.84
3/18/14,168.09
3/19/14,168.18
3/20/14,169.22
3/21/14,166.95
3/24/14,165.72
3/25/14,163.25
3/26/14,161.73
3/27/14,162.29
3/28/14,162.3
3/31/14,163.85
4/1/14,165.92
4/2/14,167.27
4/3/14,166.09
4/4/14,163.24
4/7/14,158.56
4/8/14,156.56
4/9/14,158.16
4/10/14,155.98
4/11/14,152.72
4/14/14,154.74
4/15/14,154.92
4/16/14,157.22
4/17/14,157.44
4/21/14,157.8
4/22/14,160.46
4/23/14,160.45
4/24/14,160.85
4/25/14,158.24
4/28/14,156.54
4/29/14,158.24
4/30/14,159.82
5/1/14,160.37
5/2/14,158.88
5/5/14,156.35
5/6/14,154.54
5/7/14,155.52
5/8/14,157.4
5/9/14,157.2
5/12/14,159.55
5/13/14,160.28
5/14/14,159.45
5/15/14,156.64
5/16/14,156.43
5/19/14,157.67
5/20/14,156.35
5/21/14,159.35
5/22/14,159.85
5/23/14,160.16
5/27/14,161.77
5/28/14,161.19
5/29/14,160.74
5/30/14,159.81
6/2/14,160.03
6/3/14,161.8
6/4/14,162.39
6/5/14,162.58
6/6/14,166.19
6/9/14,166
6/10/14,166.36
6/11/14,165.43
6/12/14,165.96
6/13/14,165.89
6/16/14,165.85
6/17/14,168.22
6/18/14,169.86
6/19/14,169.73
6/20/14,169.84
6/23/14,170.24
6/24/14,168.23
6/25/14,168.38
6/26/14,168.01
6/27/14,166.78
6/30/14,167.44
7/1/14,166.81
7/2/14,166.89
7/3/14,169.46
7/7/14,167.78
7/8/14,164.91
7/9/14,164.67
7/10/14,163.42
7/11/14,164.8
7/14/14,167
7/15/14,169.17
7/16/14,170.47
7/17/14,170.14
7/18/14,171.47
7/21/14,171.72
7/22/14,175.02
7/23/14,176.82
7/24/14,176.26
7/25/14,179.6
7/28/14,175.95
7/29/14,175.54
7/30/14,175.76
7/31/14,172.87
8/1/14,170.25
8/4/14,171.69
8/5/14,169.42
8/6/14,169.74
8/7/14,169.1
8/8/14,172.26
8/11/14,172.46
8/12/14,172.33
8/13/14,172.37
8/14/14,172.73
8/15/14,171.9
8/18/14,174.55
8/19/14,173.96
8/20/14,174.03
8/21/14,175.15
8/22/14,175.47
8/25/14,177.87
8/26/14,177.9
8/27/14,177.81
8/28/14,177.65
8/29/14,179.11
9/2/14,179.77
9/3/14,179.6
9/4/14,180.08
9/5/14,179.75
9/8/14,180.11
9/9/14,177.4
9/10/14,179.87
9/11/14,181
9/12/14,183.17
9/15/14,183.98
9/16/14,184.04
9/17/14,184.82
9/18/14,187.89
9/19/14,186.2
9/22/14,185.29
9/23/14,185.09
9/24/14,187.81
9/25/14,184.09
9/26/14,185.12
9/29/14,183.83
9/30/14,183.57
10/1/14,180.7
10/2/14,182.88
10/3/14,188.07
10/6/14,187.48
10/7/14,183.8
10/8/14,186.64
10/9/14,181.27
10/10/14,180.38
10/13/14,178.77
10/14/14,178.7
10/15/14,177.24
10/16/14,172.58
10/17/14,176.91
10/20/14,177.84
10/21/14,180.18
10/22/14,176.83
10/23/14,180.06
10/24/14,183.35
10/27/14,183.91
10/28/14,186.32
10/29/14,186.08
10/30/14,186.97
10/31/14,189.99
11/3/14,190.83
11/4/14,190.27
11/5/14,189.84
11/6/14,191
11/7/14,190.71
11/10/14,191.8
11/11/14,191.88
11/12/14,190.18
11/13/14,190.24
11/14/14,189.98
11/17/14,189.93
11/18/14,189.64
11/19/14,189.19
11/20/14,189.75
11/21/14,189.59
11/24/14,190.07
11/25/14,188.86
11/26/14,188.52
11/28/14,188.41
12/1/14,188.2
12/2/14,190.19
12/3/14,190.95
12/4/14,191.95
12/5/14,195.45
12/8/14,196.62
12/9/14,196.89
12/10/14,192
12/11/14,193.54
12/12/14,188.82
12/15/14,185.54
12/16/14,183.31
12/17/14,185.03
12/18/14,191.61
12/19/14,193.28
12/22/14,194.44
12/23/14,195.5
12/24/14,195.89
12/26/14,195.45
12/29/14,196.19
12/30/14,195.71
12/31/14,193.83
1/2/15,194.41
1/5/15,188.34
1/6/15,184.53
1/7/15,187.28
1/8/15,190.27
1/9/15,187.35
1/12/15,185.07
1/13/15,184.93
1/14/15,180.23
1/15/15,178.49
1/16/15,177.23
1/20/15,175.63
1/21/15,177.15
1/22/15,182.04
1/23/15,180.49
1/26/15,180.42
1/27/15,176.49
1/28/15,173.05
1/29/15,175.99
1/30/15,172.41
2/2/15,175.49
2/3/15,180.24
2/4/15,178.78
2/5/15,180.77
2/6/15,183.43
2/9/15,182.22
2/10/15,184.56
2/11/15,187.65
2/12/15,189.78
2/13/15,189
2/17/15,190.02
2/18/15,188.67
2/19/15,189.11
2/20/15,191.51
2/23/15,190.31
2/24/15,192.22
2/25/15,191.72
2/26/15,192.2
2/27/15,189.79
3/2/15,191.79
3/3/15,191.27
3/4/15,189.67
3/5/15,190.08
3/6/15,186.91
3/9/15,187.93
3/10/15,182.71
3/11/15,184.18
3/12/15,189.95
3/13/15,189.34
3/16/15,191.9
3/17/15,190.57
3/18/15,192.32
3/19/15,189.97
3/20/15,193.13
3/23/15,191.96
3/24/15,191.28
3/25/15,187.35
3/26/15,187.24
3/27/15,188.06
3/30/15,191.02
3/31/15,187.97
4/1/15,192.23
4/2/15,191.55
4/6/15,192.05
4/7/15,192.39
4/8/15,192.56
4/9/15,194.89
4/10/15,195.64
4/13/15,195.58
4/14/15,197.72
4/15/15,201.1
4/16/15,200.21
4/17/15,197.35
4/20/15,198.1
4/21/15,196.84
4/22/15,198.32
4/23/15,199.31
4/24/15,197.99
4/27/15,196.52
4/28/15,197.49
4/29/15,198.56
4/30/15,196.42
5/1/15,197.53
5/4/15,199.3
5/5/15,197.29
5/6/15,196.25
5/7/15,197.39
5/8/15,200.5
5/11/15,201.73
5/12/15,200.53
5/13/15,201.43
5/14/15,202.62
5/15/15,202.97
5/18/15,204.66
5/19/15,205.4
5/20/15,205.08
5/21/15,204.95
5/22/15,207.8
5/26/15,206.38
5/27/15,209.06
5/28/15,208.48
5/29/15,206.19
6/1/15,207.81
6/2/15,206.43
6/3/15,208.29
6/4/15,208.87
6/5/15,210.45
6/8/15,209.79
6/9/15,209.02
6/10/15,213.13
6/11/15,213.94
6/12/15,213.06
6/15/15,211.76
6/16/15,213.56
6/17/15,212.93
6/18/15,214.6
6/19/15,213.19
6/22/15,216.51
6/23/15,218.4
6/24/15,214.43
6/25/15,212.82
6/26/15,213.17
6/29/15,207.65
6/30/15,208.79
7/1/15,209.94
7/2/15,209.2
7/6/15,208.04
7/7/15,208.21
7/8/15,204.06
7/9/15,204.81
7/10/15,207.19
7/13/15,210.12
7/14/15,212.16
7/15/15,212.96
7/16/15,211.18
7/17/15,212.46
7/20/15,212.39
7/21/15,211.5
7/22/15,213.25
7/23/15,211.05
7/24/15,207.35
7/27/15,205.02
7/28/15,206.24
7/29/15,206.84
7/30/15,207.2
7/31/15,205.07
8/3/15,204.69
8/4/15,205.17
8/5/15,205.7
8/6/15,205.09
8/7/15,203.44
8/10/15,205.97
8/11/15,201.7
8/12/15,201.13
8/13/15,200.74
8/14/15,202.02
8/17/15,202.57
8/18/15,201.18
8/19/15,200.95
8/20/15,196.75
8/21/15,187.74
8/24/15,179.46
8/25/15,178.22
8/26/15,184.4
8/27/15,189.21
8/28/15,187.75
8/31/15,188.6
9/1/15,182.12
9/2/15,184.51
9/3/15,185.06
9/4/15,180.38
9/8/15,185.88
9/9/15,185.68
9/10/15,185.91
9/11/15,185.27
9/14/15,183.94
9/15/15,187.45
9/16/15,188.64
9/17/15,186.45
9/18/15,180.94
9/21/15,183.35
9/22/15,179.72
9/23/15,179.41
9/24/15,176.91
9/25/15,179.83
9/28/15,173.02
9/29/15,171.86
9/30/15,173.76
10/1/15,176.02
10/2/15,177.01
10/5/15,180.7
10/6/15,180.32
10/7/15,182.23
10/8/15,181.07
10/9/15,179.19
10/12/15,180.23
10/13/15,180.97
10/14/15,179.51
10/15/15,184.96
10/16/15,185.18
10/19/15,185.74
10/20/15,185.51
10/21/15,179.7
10/22/15,183.56
10/23/15,185.5
10/26/15,187.01
10/27/15,186.31
10/28/15,191.32
10/29/15,189.89
10/30/15,187.5
11/2/15,189.68
11/3/15,190.69
11/4/15,191.65
11/5/15,192.02
11/6/15,199.17
11/9/15,196.76
11/10/15,197.81
11/11/15,197.39
11/12/15,192.77
11/13/15,190.39
11/16/15,192.16
11/17/15,190.57
11/18/15,193.66
11/19/15,193.03
11/20/15,191.47
11/23/15,189.19
11/24/15,188.67
11/25/15,189.15
11/27/15,190.47
11/30/15,190.02
12/1/15,193.07
12/2/15,190.26
12/3/15,185.2
12/4/15,189.99
12/7/15,185.49
12/8/15,182.92
12/9/15,180.71
12/10/15,182.11
12/11/15,176.56
12/14/15,176.4
12/15/15,182.01
12/16/15,186.21
12/17/15,182.61
12/18/15,175.49
12/21/15,177.75
12/22/15,180.05
12/23/15,182.95
12/24/15,182.47
12/28/15,181.62
12/29/15,183.53
12/30/15,182.01
12/31/15,180.23
1/4/16,177.14
1/5/16,174.09
1/6/16,169.84
1/7/16,164.62
1/8/16,163.94
1/11/16,165.73
1/12/16,165.71
1/13/16,158.99
1/14/16,161.39
1/15/16,155.61
1/19/16,156.82
1/20/16,153.75
1/21/16,151.65
1/22/16,156.86
1/25/16,151.12
1/26/16,154.45
1/27/16,153.72
1/28/16,157.06
1/29/16,161.56
2/1/16,159.65
2/2/16,151.7
2/3/16,152.68
2/4/16,156.49
2/5/16,156.47
2/8/16,149.25
2/9/16,148.25
2/10/16,147.23
2/11/16,140.69
2/12/16,146.13
2/16/16,149.02
2/17/16,150.94
2/18/16,147.73
2/19/16,146.91
2/22/16,148.79
2/23/16,144.91
2/24/16,145.56
2/25/16,148.25
2/26/16,150.25
2/29/16,149.53
3/1/16,154.65
3/2/16,154.2
3/3/16,155.33
3/4/16,156.84
3/7/16,155.35
3/8/16,151.6
3/9/16,149.91
3/10/16,151.02
3/11/16,153.94
3/14/16,153.49
3/15/16,152.03
3/16/16,150.54
3/17/16,152.91
3/18/16,157.6
3/21/16,156.29
3/22/16,154.2
3/23/16,154.08
3/24/16,153
3/28/16,153.84
3/29/16,155.03
3/30/16,156.5
3/31/16,156.98
4/1/16,159.82
4/4/16,157.77
4/5/16,155.35
4/6/16,155.19
4/7/16,150.41
4/8/16,150.28
4/11/16,152.2
4/12/16,154.31
4/13/16,159.85
4/14/16,160.91
4/15/16,158.52
4/18/16,159.02
4/19/16,162.65
4/20/16,166.98
4/21/16,165.32
4/22/16,166.75
4/25/16,165.09
4/26/16,165.84
4/27/16,166.92
4/28/16,164.29
4/29/16,164.11
5/2/16,166.18
5/3/16,163.14
5/4/16,160.07
5/5/16,159.53
5/6/16,158.85
5/9/16,157.51
5/10/16,161.42
5/11/16,159.42
5/12/16,158.07
5/13/16,155.34
5/16/16,155.38
5/17/16,154.65
5/18/16,159.94
5/19/16,154.7
5/20/16,154.51
5/23/16,155.45
5/24/16,157.59
5/25/16,161.25
5/26/16,159.22
5/27/16,159.53
5/31/16,159.48
6/1/16,159.97
6/2/16,159.28
6/3/16,155.67
6/6/16,157.06
6/7/16,155.17
6/8/16,154.64
6/9/16,153.17
6/10/16,149.89
6/13/16,148.63
6/14/16,146.19
6/15/16,146.16
6/16/16,146.63
6/17/16,145.64
6/20/16,147.75
6/21/16,148.35
6/22/16,148.14
6/23/16,152.66
6/24/16,141.86
6/27/16,139.51
6/28/16,142.41
6/29/16,145.5
6/30/16,148.58
7/1/16,148.25
7/5/16,144.45
7/6/16,145.58
7/7/16,147
7/8/16,150.38
7/11/16,152.19
7/12/16,156.92
7/13/16,157.92
7/14/16,162.54
7/15/16,161.64
7/18/16,163.33
7/19/16,161.41
7/20/16,161.77
7/21/16,160.05
7/22/16,160.41
7/25/16,160.51
7/26/16,161.16
7/27/16,160.99
7/28/16,160.53
7/29/16,158.81
8/1/16,158.18
8/2/16,156.06
8/3/16,158.34
8/4/16,158.05
8/5/16,162.09
8/8/16,162.83
8/9/16,163.44
8/10/16,162.19
8/11/16,163.86
8/12/16,163.25
8/15/16,165.55
8/16/16,165.65
8/17/16,165.67
8/18/16,166.06
8/19/16,166.23
8/22/16,166.26
8/23/16,166.08
8/24/16,165.3
8/25/16,165.9
8/26/16,165.97
8/29/16,166.87
8/30/16,169.37
8/31/16,169.46
9/1/16,168.51
9/2/16,169.18
9/6/16,169.33
9/7/16,169.67
9/8/16,171.66
9/9/16,168.57
9/12/16,171.06
9/13/16,167
9/14/16,166.16
9/15/16,168.08
9/16/16,166
9/19/16,166.21
9/20/16,166.47
9/21/16,167.03
9/22/16,168.02
9/23/16,165.13
9/26/16,161.48
9/27/16,162.89
9/28/16,163.45
9/29/16,158.95
9/30/16,161.27
10/3/16,161.07
10/4/16,162.27
10/5/16,166.4
10/6/16,167.15
10/7/16,169.83
10/10/16,171.04
10/11/16,169.04
10/12/16,169.3
10/13/16,167.42
10/14/16,170.52
10/17/16,169
10/18/16,172.63
10/19/16,174.51
10/20/16,174.51
10/21/16,174.67
10/24/16,175.12
10/25/16,175.55
10/26/16,177.07
10/27/16,177.75
10/28/16,177.14
10/31/16,178.24
11/1/16,178.06
11/2/16,176.58
11/3/16,176.21
11/4/16,175.92
11/7/16,181.48
11/8/16,181.92
11/9/16,192.63
11/10/16,200.87
11/11/16,203.94
11/14/16,209.18
11/15/16,211.19
11/16/16,206.26
11/17/16,209.63
11/18/16,210.35
11/21/16,211.08
11/22/16,211.11
11/23/16,212.31
11/25/16,211.38
11/28/16,210.35
11/29/16,211.75
11/30/16,219.29
12/1/16,226.63
12/2/16,223.36
12/5/16,228.55
12/6/16,231.38
12/7/16,235.56
12/8/16,241.45
12/9/16,241.85
12/12/16,237.17
12/13/16,238.55
12/14/16,239.93
12/15/16,243
12/16/16,238.9
12/19/16,239.07
12/20/16,243.09
12/21/16,241.44
12/22/16,240.12
12/23/16,240.97
12/27/16,241.56
12/28/16,240.65
12/29/16,238.18
12/30/16,239.45
1/3/17,241.57
1/4/17,243.13
1/5/17,241.32
1/6/17,244.9
1/9/17,242.89
1/10/17,242.57
1/11/17,245.76
1/12/17,243.84
1/13/17,244.3
1/17/17,235.74
1/18/17,234.29
1/19/17,231.41
1/20/17,232.2
1/23/17,232.67
1/24/17,233.68
1/25/17,237.25
1/26/17,239.58
1/27/17,236.95
1/30/17,233.9
1/31/17,229.32
2/1/17,230.67
2/2/17,230.41
2/3/17,240.95
2/6/17,239.98
2/7/17,239.62
2/8/17,237.73
2/9/17,241.55
2/10/17,242.72
2/13/17,246.27
2/14/17,249.46
2/15/17,250.54
2/16/17,249.44
2/17/17,250.38
2/21/17,251.76
2/22/17,251.73
2/23/17,251.19
2/24/17,247.35
2/27/17,249.33
2/28/17,248.06
3/1/17,252.71
3/2/17,251.06
3/3/17,252.89
3/6/17,252.01
3/7/17,250.9
3/8/17,250.24
3/9/17,250.18
3/10/17,248.38
3/13/17,248.16
3/14/17,247.72
3/15/17,246.78
3/16/17,248.22
3/17/17,243.94
3/20/17,242.14
3/21/17,233
3/22/17,231.07
3/23/17,231.9
3/24/17,228.41
3/27/17,225.48
3/28/17,229.33
3/29/17,228.45
3/30/17,231.22
3/31/17,229.72
4/3/17,228.96
4/4/17,229.26
4/5/17,227.66
4/6/17,228.64
4/7/17,227.88
4/10/17,228.89
4/11/17,227.74
4/12/17,225.75
4/13/17,223.32
4/17/17,226.26
4/18/17,215.59
4/19/17,214.09
4/20/17,218.06
4/21/17,216.86
4/24/17,223.22
4/25/17,226.63
4/26/17,226.2
4/27/17,225.81
4/28/17,223.8
5/1/17,224.85
5/2/17,225.12
5/3/17,226.31
5/4/17,226.59
5/5/17,226.87
5/8/17,225.03
5/9/17,223.76
5/10/17,224.88
5/11/17,224.76
5/12/17,222.82
5/15/17,225.12
5/16/17,225.6
5/17/17,213.72
5/18/17,215.16
5/19/17,215.39
5/22/17,216.02
5/23/17,219.64
5/24/17,223.83
5/25/17,222.47
5/26/17,223.53
5/30/17,218.42
5/31/17,211.26
6/1/17,215.01
6/2/17,213.31
6/5/17,213.99
6/6/17,214.53
6/7/17,215.78
6/8/17,218.76
6/9/17,222.44
6/12/17,221.91
6/13/17,224.2
6/14/17,226.51
6/15/17,223.23
6/16/17,221.81
6/19/17,226.13
6/20/17,225.1
6/21/17,222.49
6/22/17,219.77
6/23/17,217.19
6/26/17,220.44
6/27/17,220.28
6/28/17,223.22
6/29/17,224.41
6/30/17,221.9
7/3/17,227.28
7/5/17,228.04
7/6/17,226.69
7/7/17,225.28
7/10/17,225.84
7/11/17,226.95
7/12/17,227.39
7/13/17,230.4
7/14/17,228.6
7/17/17,229.26
7/18/17,223.31
7/19/17,222.87
7/20/17,222.3
7/21/17,220.18
7/24/17,218.18
7/25/17,221.58
7/26/17,222.25
7/27/17,221.48
7/28/17,223.61
7/31/17,225.33
8/1/17,227
8/2/17,226.27
8/3/17,223.99
8/4/17,229.79
8/7/17,232.92
8/8/17,232.05
8/9/17,231.01
8/10/17,225.5
8/11/17,224.15
8/14/17,227.36
8/15/17,227.59
8/16/17,225.61
8/17/17,221.42
8/18/17,222.15
8/21/17,220.79
8/22/17,223.58
8/23/17,222.74
8/24/17,222.99
8/25/17,222.47
8/28/17,220.35
8/29/17,219.96
8/30/17,222.42
8/31/17,223.74
9/1/17,225.88
9/5/17,217.78
9/6/17,218.83
9/7/17,215.84
9/8/17,217.21
9/11/17,221.06
9/12/17,225.95
9/13/17,226.56
9/14/17,226.85
9/15/17,225.22
9/18/17,227.53
9/19/17,228.91
9/20/17,229.79
9/21/17,231.29
9/22/17,231.03
9/25/17,230.26
9/26/17,229.94
9/27/17,234.76
9/28/17,235.47
9/29/17,237.19
10/2/17,240.65
10/3/17,241.62
10/4/17,240.31
10/5/17,246.06
10/6/17,246.02
10/9/17,242.8
10/10/17,242.6
10/11/17,242.4
10/12/17,239.8
10/13/17,238.53
10/16/17,242.41
10/17/17,236.09
10/18/17,242.03
10/19/17,239.99
10/20/17,244.73
10/23/17,242.13
10/24/17,244.84
10/25/17,241.74
10/26/17,241.72
10/27/17,241.71
10/30/17,240.89
10/31/17,242.48
11/1/17,244.26
11/2/17,246.88
11/3/17,244.4
11/6/17,243.49
11/7/17,239.81
11/8/17,241.25
11/9/17,240.79
11/10/17,240.15
11/13/17,240.27
11/14/17,237.24
11/15/17,237.61
11/16/17,239.37
11/17/17,238.02
11/20/17,238.13
11/21/17,238.02
11/22/17,236.43
11/24/17,235.95
11/27/17,235.11
11/28/17,239.41
11/29/17,241.36
11/30/17,247.64
12/1/17,248.95
12/4/17,250.65
12/5/17,248.33
12/6/17,245.95
12/7/17,248.56
12/8/17,250.35
12/11/17,250.13
12/12/17,257.68
12/13/17,255.56
12/14/17,255.48
12/15/17,257.17
12/18/17,260.02
12/19/17,256.48
12/20/17,255.18
12/21/17,261.01
12/22/17,258.97
12/26/17,257.72
12/27/17,255.95
12/28/17,256.5
12/29/17,254.76
1/2/18,255.67
1/3/18,253.29
1/4/18,256.83
1/5/18,255.52
1/8/18,251.81
1/9/18,253.94
1/10/18,254.33
1/11/18,255.13
1/12/18,257.03
1/16/18,258.46
1/17/18,253.65
1/18/18,250.97
1/19/18,256.12
1/22/18,261.52
1/23/18,260.09
1/24/18,265.68
1/25/18,269.03
1/26/18,268.14
1/29/18,272.48
1/30/18,268.94
1/31/18,267.89
2/1/18,272.23
2/2/18,260.04
2/5/18,249.11
2/6/18,258.7
2/7/18,257.1
2/8/18,246.35
2/9/18,249.3
2/12/18,253.16
2/13/18,255.53
2/14/18,262.58
2/15/18,267.68
2/16/18,267.62
2/20/18,264.89
2/21/18,263.4
2/22/18,261.43
2/23/18,266.77
2/26/18,271.26
2/27/18,267.93
2/28/18,262.93
3/1/18,256.78
3/2/18,258.12
3/5/18,263.12
3/6/18,266.93
3/7/18,265.35
3/8/18,266.34
3/9/18,270.77
3/12/18,273.38
3/13/18,268.53
3/14/18,264.43
3/15/18,266.61
3/16/18,267.6
3/19/18,262.53
3/20/18,263.19
3/21/18,261.85
3/22/18,252.6
3/23/18,245.26
3/26/18,254.88
3/27/18,247.26
3/28/18,249.37
3/29/18,251.86
4/2/18,247.35
4/3/18,250.58
4/4/18,252.62
4/5/18,255.81
4/6/18,249.97
4/9/18,252.19
4/10/18,256.57
4/11/18,252.94
4/12/18,259.59
4/13/18,255.92
4/16/18,257.88
4/17/18,253.63
4/18/18,254
4/19/18,254.17
4/20/18,251.96
4/23/18,246.67
4/24/18,242.49
4/25/18,239.23
4/26/18,240.09
4/27/18,239.8
4/30/18,238.33
5/1/18,236.67
5/2/18,234.05
5/3/18,233.41
5/4/18,234.94
5/7/18,237.2
5/8/18,237
5/9/18,241.73
5/10/18,243.44
5/11/18,242.92
5/14/18,243.91
5/15/18,241.56
5/16/18,240.96
5/17/18,239.1
5/18/18,237
5/21/18,237.7
5/22/18,238
5/23/18,237.81
5/24/18,236.1
5/25/18,235.01
5/29/18,227.03
5/30/18,229.16
5/31/18,225.88
6/1/18,228.35
6/4/18,229.89
6/5/18,228.34
6/6/18,232.23
6/7/18,233.45
6/8/18,233.39
6/11/18,234.09
6/12/18,232.63
6/13/18,233.83
6/14/18,233.65
6/15/18,231.92
6/18/18,231.39
6/19/18,228.32
6/20/18,227.82
6/21/18,226.98
6/22/18,226.02
6/25/18,221.54
6/26/18,221.58
6/27/18,220.18
6/28/18,223.42
6/29/18,220.57
7/2/18,223.26
7/3/18,220.38
7/5/18,220.74
7/6/18,221.79
7/9/18,227.99
7/10/18,226.85
7/11/18,225.66
7/12/18,227.22
7/13/18,226.41
7/16/18,231.44
7/17/18,231.02
7/18/18,231.24
7/19/18,229.63
7/20/18,231.69
7/23/18,233.76
7/24/18,235.88
7/25/18,236.69
7/26/18,237.11
7/27/18,237.64
7/30/18,238.95
7/31/18,237.43
8/1/18,236.04
8/2/18,233.99
8/3/18,234.09
8/6/18,235.93
8/7/18,237.83
8/8/18,236.37
8/9/18,233.78
8/10/18,229.61
8/13/18,226.86
8/14/18,229.56
8/15/18,229.25
8/16/18,233
8/17/18,233.38
8/20/18,235.78
8/21/18,238.65
8/22/18,239.34
8/23/18,236.34
8/24/18,235.11
8/27/18,242.6
8/28/18,242.37
8/29/18,241.4
8/30/18,239.4
8/31/18,237.81
9/4/18,237.66
9/5/18,237.56
9/6/18,234.52
9/7/18,233.91
9/10/18,231.91
9/11/18,230.21
9/12/18,228.15
9/13/18,228.33
9/14/18,229.24
9/17/18,227.89
9/18/18,228.89
9/19/18,235.58
9/20/18,237.4
9/21/18,235.34
9/24/18,232.9
9/25/18,232.5
9/26/18,228.88
9/27/18,227.74
9/28/18,224.24
10/1/18,225.33
10/2/18,226.07
10/3/18,227.78
10/4/18,227.48
10/5/18,225.71
10/8/18,225.35
10/9/18,222.91
10/10/18,214.89
10/11/18,212.97
10/12/18,213.87
10/15/18,215.22
10/16/18,221.7
10/17/18,228.28
10/18/18,224.95
10/19/18,226.96
10/22/18,221.6
10/23/18,218.56
10/24/18,209.18
10/25/18,214.01
10/26/18,212.36
10/29/18,214.49
10/30/18,219.28
10/31/18,225.37
11/1/18,226.97
11/2/18,229.69
11/5/18,228.72
11/6/18,228.2
11/7/18,231.28
11/8/18,231.65
11/9/18,222.65
11/12/18,206.05
11/13/18,205.05
11/14/18,202.49
11/15/18,203.74
11/16/18,202.12
11/19/18,198.22
11/20/18,191.34
11/21/18,192.6
11/23/18,189.1
11/26/18,194.34
11/27/18,193.65
11/28/18,198.35
11/29/18,194.85
11/30/18,190.69
12/3/18,191.63
12/4/18,184.31
12/6/18,184.09
12/7/18,179.67
12/10/18,178.83
12/11/18,176.8
12/12/18,176.7
12/13/18,175.92
12/14/18,172.77
12/17/18,168.01
12/18/18,171.5
12/19/18,169.25
12/20/18,168.41
12/21/18,160.05
12/24/18,156.35
12/26/18,162.93
12/27/18,165.41
12/28/18,163.03
12/31/18,167.05
1/2/19,172.03
1/3/19,169.51
1/4/19,175.05
1/7/19,176.02
1/8/19,175.37
1/9/19,176.47
1/10/19,176
1/11/19,176.93
1/14/19,178.72
1/15/19,179.91
1/16/19,197.08
1/17/19,199.09
1/18/19,202.54
1/22/19,197.68
1/23/19,196.9
1/24/19,197.8
1/25/19,200.74
1/28/19,199.72
1/29/19,200.5
1/30/19,202.48
1/31/19,198.01
2/1/19,196.54
2/4/19,197.72
2/5/19,198.01
2/6/19,196.62
2/7/19,193.07
2/8/19,191.67
2/11/19,191.33
2/12/19,194.49
2/13/19,194.69
2/14/19,192.53
2/15/19,198.5
2/19/19,198.67
2/20/19,198.6
2/21/19,196.36
2/22/19,196
2/25/19,198.65
2/26/19,198.9
2/27/19,198.1
2/28/19,196.7
3/1/19,198.2
3/4/19,195.98
3/5/19,196
3/6/19,194.74
3/7/19,192.77
3/8/19,195.24
3/11/19,195.97
3/12/19,196.63
3/13/19,197.25
3/14/19,197.47
3/15/19,198.26
3/18/19,202.47
3/19/19,201.12
3/20/19,194.32
3/21/19,194.58
3/22/19,188.96
3/25/19,188.51
3/26/19,190.69
3/27/19,190.03
3/28/19,191.18
3/29/19,191.99
4/1/19,196.74
4/2/19,197.5
4/3/19,200.86
4/4/19,202.23
4/5/19,202.38
4/8/19,202.54
4/9/19,200.62
4/10/19,202.98
4/11/19,202.83
4/12/19,207.84
4/15/19,199.91
4/16/19,201.84
4/17/19,207.9
4/18/19,205.91
4/22/19,204.6
4/23/19,204.14
4/24/19,200.54
4/25/19,201.4
4/26/19,203.08
4/29/19,206.92
4/30/19,205.92
5/1/19,204.73
5/2/19,204.99
5/3/19,207.52
5/6/19,206.43
5/7/19,202.63
5/8/19,200.95
5/9/19,201.63
5/10/19,202.05
5/13/19,194.97
5/14/19,196.28
5/15/19,196.4
5/16/19,199.14
5/17/19,197.43
5/20/19,197.24
5/21/19,199.11
5/22/19,195.52
5/23/19,191.97
5/24/19,193
5/28/19,189.44
5/29/19,188.05
5/30/19,187.37
5/31/19,182.49
6/3/19,183.19
6/4/19,189.88
6/5/19,188.44
6/6/19,189.81
6/7/19,189.81
6/10/19,194.12
6/11/19,194.73
6/12/19,190.22
6/13/19,191.45
6/14/19,191.66
6/17/19,190.83
6/18/19,194.98
6/19/19,195.64
6/20/19,195.7
6/21/19,195.94
6/24/19,197.49
6/25/19,196.06
6/26/19,197.01
6/27/19,199.32
6/28/19,204.6
7/1/19,206.86
7/2/19,205.98
7/3/19,206.04
7/5/19,207.9
7/8/19,205.75
7/9/19,207.77
7/10/19,205.97
7/11/19,211.35
7/12/19,213.94
7/15/19,211.58
7/16/19,215.52
7/17/19,213.3
7/18/19,214.52
7/19/19,213.52
7/22/19,214
7/23/19,219.43
7/24/19,222.03
7/25/19,219.98
7/26/19,222.14
7/29/19,220.32
7/30/19,221.4
7/31/19,220.13
8/1/19,211.6
8/2/19,209.37
8/5/19,201.68
8/6/19,206.01
8/7/19,205.74
8/8/19,207
8/9/19,206.9
8/12/19,201.21
8/13/19,204.11
8/14/19,195.56
8/15/19,196.18
8/16/19,199.42
8/19/19,202.2
8/20/19,199.98
8/21/19,200.68
8/22/19,202.42
8/23/19,196.2
8/26/19,199.65
8/27/19,198.07
8/28/19,200.42
8/29/19,203.44
8/30/19,203.91
9/3/19,198.97
9/4/19,201.73
9/5/19,207.05
9/6/19,207.21
9/9/19,211.98
9/10/19,215.63
9/11/19,216.8
9/12/19,218.74
9/13/19,219.9
9/16/19,217.22
9/17/19,215.91
9/18/19,217.08
9/19/19,215.23
9/20/19,213.74
9/23/19,213.46
9/24/19,207.75
9/25/19,210.03
9/26/19,208.22
9/27/19,208.97
9/30/19,207.23
10/1/19,202.69
10/2/19,198.25
10/3/19,197.24
10/4/19,200.8
10/7/19,200.4
10/8/19,197.37
10/9/19,196.85
10/10/19,199.87
10/11/19,204.68
10/14/19,205.82
10/15/19,206.46
10/16/19,207.42
10/17/19,206.46
10/18/19,206.52
10/21/19,209.25
10/22/19,209.6
10/23/19,211.32
10/24/19,211.05
10/25/19,214.23
10/28/19,217.75
10/29/19,217.64
10/30/19,215.81
10/31/19,213.38
11/1/19,217.39
11/4/19,219.87